Player;Team;Age;1st Position;2nd Position;3rd Position;Minutes;Points;Points Join;FG Made;FG Attempt;FG%;FG% Join;3PT Made;3PT Made Join;FT Made;FT Attempt;FT%;FT% Join;OREB;OREB Join;DREB;DREB Join;TREB;TREB Join;AST;AST Join;STL;STL Join;BLK;BLK Join;TO;TO Join;PF;PF Join;AST / TO
Shai Gilgeous-Alexander;OKC;26;PG;NO;NO;34.2;32.7;Points;11.3;21.8;0.519;FG%;5.7;3PT Made;7.9;8.8;0.898;FT%;0.9;OREB;4.1;DREB;5;TREB;6.4;AST;1.7;STL;1;BLK;2.4;TO;2.2;PF;2.666666667
Giannis Antetokounmpo;MIL;30;PF;NO;NO;34.2;30.4;Points;11.8;19.7;0.601;FG%;0.9;3PT Made;6.5;10.6;0.617;FT%;2.2;OREB;9.7;DREB;11.9;TREB;6.5;AST;0.9;STL;1.2;BLK;3.1;TO;2.3;PF;2.096774194
Nikola Jokiæ;DEN;29;C;NO;NO;36.7;29.6;Points;11.2;19.5;0.576;FG%;4.7;3PT Made;5.2;6.4;0.8;FT%;2.9;OREB;9.9;DREB;12.7;TREB;10.2;AST;1.8;STL;0.6;BLK;3.3;TO;2.3;PF;3.090909091
Luka Donèiæ;DAL;25;PG;NO;NO;35.4;28.15;Points;9.3;20.6;0.451;FG%;9.6;3PT Made;6.05;7.75;0.779;FT%;0.8;OREB;7.4;DREB;8.2;TREB;7.65;AST;1.8;STL;0.4;BLK;3.55;TO;2.5;PF;2.160572337
Anthony Edwards;MIN;23;SG;NO;NO;36.3;27.6;Points;9.1;20.4;0.447;FG%;10.3;3PT Made;5.3;6.3;0.837;FT%;0.8;OREB;4.9;DREB;5.7;TREB;4.5;AST;1.2;STL;0.6;BLK;3.2;TO;1.9;PF;1.40625
Jayson Tatum;BOS;26;PF;NO;NO;36.4;26.8;Points;9.2;20.3;0.452;FG%;10.1;3PT Made;5;6.1;0.814;FT%;0.7;OREB;8;DREB;8.7;TREB;6;AST;1.1;STL;0.5;BLK;2.9;TO;2.2;PF;2.068965517
Kevin Durant;PHO;36;PF;NO;NO;36.5;26.6;Points;9.5;18.1;0.527;FG%;6;3PT Made;4.9;5.8;0.839;FT%;0.4;OREB;5.7;DREB;6;TREB;4.2;AST;0.8;STL;1.2;BLK;3.1;TO;1.7;PF;1.35483871
Tyrese Maxey;PHI;24;PG;NO;NO;37.7;26.3;Points;9.2;21;0.437;FG%;9.2;3PT Made;4.9;5.6;0.879;FT%;0.3;OREB;3.1;DREB;3.3;TREB;6.1;AST;1.8;STL;0.4;BLK;2.4;TO;2.2;PF;2.541666667
Cade Cunningham;DET;23;PG;NO;NO;35;26.1;Points;9.8;20.8;0.469;FG%;6;3PT Made;4.5;5.3;0.846;FT%;0.8;OREB;5.3;DREB;6.1;TREB;9.1;AST;1;STL;0.8;BLK;4.4;TO;2.8;PF;2.068181818
Jalen Brunson;NYK;28;PG;NO;NO;35.4;26;Points;9;18.5;0.488;FG%;6.1;3PT Made;5.7;6.9;0.821;FT%;0.4;OREB;2.5;DREB;2.9;TREB;7.3;AST;0.9;STL;0.1;BLK;2.5;TO;2.1;PF;2.92
Paolo Banchero;ORL;22;PF;NO;NO;34.4;25.9;Points;9;19.8;0.452;FG%;5.9;3PT Made;6.1;8.4;0.727;FT%;1.1;OREB;6.4;DREB;7.5;TREB;4.8;AST;0.8;STL;0.6;BLK;3;TO;2.1;PF;1.6
Devin Booker;PHO;28;SG;NO;NO;37.3;25.6;Points;8.7;18.9;0.461;FG%;7.3;3PT Made;5.8;6.4;0.894;FT%;1;OREB;3.1;DREB;4.1;TREB;7.1;AST;0.9;STL;0.2;BLK;2.9;TO;2.6;PF;2.448275862
LaMelo Ball;CHO;23;PG;NO;NO;32;25.2;Points;8.6;21.3;0.405;FG%;11.2;3PT Made;4.1;4.9;0.843;FT%;1;OREB;3.9;DREB;4.9;TREB;7.4;AST;1.1;STL;0.3;BLK;3.6;TO;3.3;PF;2.055555556
Damian Lillard;MIL;34;PG;NO;NO;36.1;24.9;Points;7.7;17.1;0.448;FG%;9;3PT Made;6.2;6.8;0.921;FT%;0.5;OREB;4.2;DREB;4.7;TREB;7.1;AST;1.2;STL;0.2;BLK;2.8;TO;1.7;PF;2.535714286
Anthony Davis;DAL;31;C;NO;NO;31.95;22.85;Points;8.65;17.45;0.4945;FG%;2.75;3PT Made;4.85;6.45;0.738;FT%;2.25;OREB;8.7;DREB;11;TREB;3.9;AST;0.95;STL;2.15;BLK;2.2;TO;1.9;PF;1.772727273
Kyrie Irving;DAL;32;SG;NO;NO;36.1;24.7;Points;8.9;18.9;0.473;FG%;7.2;3PT Made;3.9;4.3;0.916;FT%;1.2;OREB;3.6;DREB;4.8;TREB;4.6;AST;1.3;STL;0.5;BLK;2.2;TO;2;PF;2.090909091
Zion Williamson;NOP;24;PF;NO;NO;28.6;24.6;Points;9.6;16.9;0.567;FG%;0.4;3PT Made;5.3;8;0.656;FT%;2.5;OREB;4.7;DREB;7.2;TREB;5.3;AST;1.2;STL;0.9;BLK;3;TO;2.7;PF;1.766666667
Stephen Curry;GSW;36;PG;NO;NO;32.2;24.5;Points;8.1;18;0.448;FG%;11.2;3PT Made;4;4.3;0.933;FT%;0.6;OREB;3.9;DREB;4.4;TREB;6;AST;1.1;STL;0.4;BLK;2.9;TO;1.4;PF;2.068965517
LeBron James;LAL;40;SF;NO;NO;34.9;24.4;Points;9.3;18.1;0.513;FG%;5.7;3PT Made;3.7;4.7;0.782;FT%;1;OREB;6.8;DREB;7.8;TREB;8.2;AST;1;STL;0.6;BLK;3.7;TO;1.4;PF;2.216216216
Karl-Anthony Towns;NYK;29;C;NO;NO;35;24.4;Points;8.9;16.9;0.526;FG%;4.7;3PT Made;4.7;5.7;0.829;FT%;2.9;OREB;9.8;DREB;12.8;TREB;3.1;AST;1;STL;0.7;BLK;2.7;TO;3.5;PF;1.148148148
Victor Wembanyama;SAS;21;C;NO;NO;33.2;24.3;Points;8.9;18.6;0.476;FG%;8.8;3PT Made;3.4;4.1;0.836;FT%;1.8;OREB;9.2;DREB;11;TREB;3.7;AST;1.1;STL;3.8;BLK;3.2;TO;2.3;PF;1.15625
Franz Wagner;ORL;23;SF;NO;NO;33.7;24.2;Points;9;19.4;0.463;FG%;5.9;3PT Made;4.5;5.2;0.871;FT%;0.9;OREB;4.8;DREB;5.7;TREB;4.7;AST;1.3;STL;0.4;BLK;2.3;TO;2.5;PF;2.043478261
Trae Young;ATL;26;PG;NO;NO;36;24.2;Points;7.4;18.1;0.411;FG%;8.4;3PT Made;6.5;7.4;0.875;FT%;0.5;OREB;2.6;DREB;3.1;TREB;11.6;AST;1.2;STL;0.2;BLK;4.7;TO;1.9;PF;2.468085106
Donovan Mitchell;CLE;28;SG;NO;NO;31.4;24;Points;8.2;18.6;0.443;FG%;8.9;3PT Made;4.2;5.1;0.823;FT%;0.8;OREB;3.7;DREB;4.5;TREB;5;AST;1.3;STL;0.2;BLK;2.1;TO;2;PF;2.380952381
Cam Thomas;BRK;23;SG;NO;NO;31.2;24;Points;8;18.2;0.438;FG%;7.8;3PT Made;5.3;6;0.881;FT%;0.6;OREB;2.7;DREB;3.3;TREB;3.8;AST;0.6;STL;0.1;BLK;2.5;TO;1.8;PF;1.52
Tyler Herro;MIA;25;SG;NO;NO;35.4;23.9;Points;8.5;17.9;0.472;FG%;8.7;3PT Made;3.7;4.2;0.878;FT%;0.5;OREB;4.7;DREB;5.2;TREB;5.5;AST;0.9;STL;0.2;BLK;2.6;TO;1.1;PF;2.115384615
Joel Embiid;PHI;30;C;NO;NO;30.2;23.8;Points;7.4;16.6;0.444;FG%;4.1;3PT Made;7.8;8.9;0.882;FT%;1.9;OREB;6.3;DREB;8.2;TREB;4.5;AST;0.7;STL;0.9;BLK;3.3;TO;2.2;PF;1.363636364
De'Aaron Fox;SAC;27;PG;NO;NO;35.5;22.35;Points;8.3;18.05;0.4575;FG%;6;3PT Made;4;4.85;0.824;FT%;0.75;OREB;3.9;DREB;4.65;TREB;6.45;AST;1.5;STL;0.35;BLK;2.7;TO;2.65;PF;2.433333333
Zach LaVine;CHI;29;SF;NO;NO;35.35;23.2;Points;8.4;16.45;0.511;FG%;7.25;3PT Made;3.15;3.75;0.8355;FT%;0.3;OREB;3.85;DREB;4.15;TREB;4.15;AST;0.75;STL;0.15;BLK;2.8;TO;1.65;PF;1.479565773
Ja Morant;MEM;25;PG;NO;NO;30.4;23.2;Points;8.1;17.8;0.454;FG%;5.7;3PT Made;5.3;6.4;0.824;FT%;0.7;OREB;3.4;DREB;4.1;TREB;7.3;AST;1.2;STL;0.2;BLK;3.7;TO;2.3;PF;1.972972973
James Harden;LAC;35;PG;NO;NO;35.3;22.8;Points;6.7;16.4;0.41;FG%;8.5;3PT Made;6.4;7.3;0.874;FT%;0.7;OREB;5.1;DREB;5.8;TREB;8.7;AST;1.5;STL;0.7;BLK;4.3;TO;2.1;PF;2.023255814
Jaylen Brown;BOS;28;SF;NO;NO;34.3;22.2;Points;8.2;17.7;0.463;FG%;5.7;3PT Made;3.9;5.1;0.764;FT%;1.3;OREB;4.5;DREB;5.8;TREB;4.5;AST;1.2;STL;0.3;BLK;2.6;TO;2.4;PF;1.730769231
DeMar DeRozan;SAC;35;SF;NO;NO;35.9;22.2;Points;8.1;17;0.477;FG%;3.3;3PT Made;4.9;5.7;0.857;FT%;0.6;OREB;3.2;DREB;3.9;TREB;4.4;AST;0.8;STL;0.4;BLK;1.4;TO;1.9;PF;3.142857143
Brandon Ingram;NOP;27;SF;NO;NO;33.1;22.2;Points;8.6;18.5;0.465;FG%;6.4;3PT Made;2.6;3.1;0.855;FT%;0.9;OREB;4.6;DREB;5.6;TREB;5.2;AST;0.9;STL;0.6;BLK;3.8;TO;2.5;PF;1.368421053
Jaren Jackson Jr.;MEM;25;C;NO;NO;29.8;22.2;Points;8;16.4;0.488;FG%;5.3;3PT Made;4.2;5.4;0.781;FT%;1.2;OREB;4.4;DREB;5.6;TREB;2;AST;1.2;STL;1.5;BLK;2.1;TO;3.5;PF;0.952380952
Norman Powell;LAC;31;SG;NO;NO;32.6;21.8;Points;7.6;15.8;0.484;FG%;7.1;3PT Made;3.6;4.4;0.804;FT%;0.4;OREB;2.8;DREB;3.2;TREB;2.1;AST;1.2;STL;0.2;BLK;1.8;TO;1.9;PF;1.166666667
Jalen Williams;OKC;23;SG;NO;NO;32.4;21.6;Points;8.2;16.9;0.484;FG%;4.9;3PT Made;3.4;4.3;0.789;FT%;0.9;OREB;4.5;DREB;5.3;TREB;5.1;AST;1.6;STL;0.7;BLK;2.2;TO;2.3;PF;2.318181818
Kawhi Leonard;LAC;33;SF;NO;NO;31.9;21.5;Points;8.4;16.8;0.498;FG%;5.1;3PT Made;2.6;3.3;0.81;FT%;0.9;OREB;5;DREB;5.9;TREB;3.1;AST;1.6;STL;0.5;BLK;1.9;TO;1.5;PF;1.631578947
Jamal Murray;DEN;27;PG;NO;NO;36.1;21.4;Points;7.9;16.7;0.474;FG%;5.9;3PT Made;3.3;3.7;0.886;FT%;0.7;OREB;3.2;DREB;3.9;TREB;6;AST;1.4;STL;0.5;BLK;2.1;TO;1.9;PF;2.857142857
Trey Murphy III;NOP;24;SF;NO;NO;35;21.2;Points;7.2;15.8;0.454;FG%;8.3;3PT Made;3.8;4.3;0.887;FT%;0.9;OREB;4.2;DREB;5.1;TREB;3.5;AST;1.1;STL;0.7;BLK;1.9;TO;2.1;PF;1.842105263
RJ Barrett;TOR;24;SF;NO;NO;32.2;21.1;Points;7.9;16.9;0.468;FG%;5.3;3PT Made;3.4;5.4;0.63;FT%;1.1;OREB;5.3;DREB;6.3;TREB;5.4;AST;0.8;STL;0.3;BLK;2.8;TO;2.4;PF;1.928571429
CJ McCollum;NOP;33;PG;NO;NO;32.7;21.1;Points;7.9;17.9;0.444;FG%;8.2;3PT Made;2.2;3.1;0.717;FT%;0.8;OREB;3;DREB;3.8;TREB;4.1;AST;0.8;STL;0.4;BLK;1.9;TO;2.2;PF;2.157894737
Jalen Green;HOU;22;SG;NO;NO;32.9;21;Points;7.4;17.5;0.423;FG%;8.1;3PT Made;3.3;4.1;0.813;FT%;0.5;OREB;4;DREB;4.6;TREB;3.4;AST;0.9;STL;0.3;BLK;2.5;TO;1.5;PF;1.36
Brandon Miller;CHO;22;SF;NO;NO;34.2;21;Points;7.3;18.2;0.403;FG%;10.9;3PT Made;2.5;2.9;0.861;FT%;0.9;OREB;3.9;DREB;4.9;TREB;3.6;AST;1.1;STL;0.7;BLK;2.8;TO;2.7;PF;1.285714286
Darius Garland;CLE;25;PG;NO;NO;30.7;20.6;Points;7.4;15.7;0.472;FG%;7.1;3PT Made;3;3.4;0.878;FT%;0.6;OREB;2.2;DREB;2.9;TREB;6.7;AST;1.2;STL;0.1;BLK;2.5;TO;1.9;PF;2.68
Jordan Poole;WAS;25;SG;NO;NO;29.4;20.5;Points;6.7;15.5;0.432;FG%;9.1;3PT Made;3.6;4;0.883;FT%;0.5;OREB;2.5;DREB;3;TREB;4.5;AST;1.3;STL;0.4;BLK;3;TO;3;PF;1.5
Coby White;CHI;24;SG;NO;NO;33.1;20.4;Points;6.9;15.1;0.453;FG%;7.9;3PT Made;3.7;4.1;0.902;FT%;0.3;OREB;3.4;DREB;3.7;TREB;4.5;AST;0.9;STL;0.2;BLK;2.4;TO;2.1;PF;1.875
Miles Bridges;CHO;26;PF;NO;NO;31.7;20.3;Points;7.3;17;0.431;FG%;7;3PT Made;3.5;4;0.87;FT%;1.1;OREB;6.4;DREB;7.5;TREB;3.9;AST;0.7;STL;0.7;BLK;2.1;TO;1.5;PF;1.857142857
Austin Reaves;LAL;26;SG;NO;NO;34.9;20.2;Points;6.5;14.2;0.46;FG%;7.3;3PT Made;4.4;5;0.877;FT%;0.8;OREB;3.7;DREB;4.5;TREB;5.8;AST;1.1;STL;0.3;BLK;2.4;TO;2.1;PF;2.416666667
Pascal Siakam;IND;30;PF;NO;NO;32.7;20.2;Points;7.9;15.2;0.519;FG%;4.2;3PT Made;2.9;3.9;0.734;FT%;1.7;OREB;5.2;DREB;6.9;TREB;3.4;AST;0.9;STL;0.5;BLK;1.4;TO;2.4;PF;2.428571429
Kristaps Porzi??is;BOS;29;C;NO;NO;28.8;19.5;Points;6.6;13.7;0.483;FG%;6;3PT Made;3.8;4.7;0.809;FT%;1.6;OREB;5.1;DREB;6.8;TREB;2.1;AST;0.7;STL;1.5;BLK;1.3;TO;2.8;PF;1.615384615
Scottie Barnes;TOR;23;PF;NO;NO;32.8;19.3;Points;7.3;16.4;0.446;FG%;4.3;3PT Made;3.5;4.6;0.755;FT%;1.7;OREB;6;DREB;7.7;TREB;5.8;AST;1.4;STL;1;BLK;2.8;TO;1.7;PF;2.071428571
Anfernee Simons;POR;25;SG;NO;NO;32.7;19.3;Points;6.8;16.1;0.426;FG%;8.5;3PT Made;2.5;2.8;0.902;FT%;0.4;OREB;2.3;DREB;2.7;TREB;4.8;AST;0.9;STL;0.1;BLK;2;TO;1.7;PF;2.4
Desmond Bane;MEM;26;SG;NO;NO;32;19.2;Points;7.1;14.8;0.484;FG%;6.1;3PT Made;2.6;2.9;0.894;FT%;0.9;OREB;5.2;DREB;6.1;TREB;5.3;AST;1.2;STL;0.4;BLK;2.4;TO;2.4;PF;2.208333333
Domantas Sabonis;SAC;28;C;NO;NO;34.7;19.1;Points;7.5;12.8;0.59;FG%;2.2;3PT Made;3.1;4.1;0.754;FT%;3.8;OREB;10.1;DREB;13.9;TREB;6;AST;0.7;STL;0.4;BLK;2.9;TO;3.3;PF;2.068965517
Alperen ªengün;HOU;22;C;NO;NO;31.5;19.1;Points;7.5;15;0.496;FG%;1.2;3PT Made;3.9;5.6;0.692;FT%;3.4;OREB;6.9;DREB;10.3;TREB;4.9;AST;1.1;STL;0.8;BLK;2.6;TO;2.8;PF;1.884615385
John Collins;UTA;27;PF;NO;NO;30.5;19;Points;7;13.3;0.527;FG%;3.7;3PT Made;3.5;4.1;0.848;FT%;2.2;OREB;6;DREB;8.2;TREB;2;AST;1;STL;1;BLK;2.6;TO;2.9;PF;0.769230769
Lauri Markkanen;UTA;27;PF;NO;NO;31.4;19;Points;6.3;14.9;0.423;FG%;8.5;3PT Made;3.4;3.9;0.876;FT%;1.5;OREB;4.4;DREB;5.9;TREB;1.5;AST;0.7;STL;0.4;BLK;1.4;TO;1.7;PF;1.071428571
Jalen Johnson;ATL;23;SF;NO;NO;35.7;18.9;Points;7.5;15.1;0.5;FG%;3.9;3PT Made;2.6;3.5;0.746;FT%;1.7;OREB;8.3;DREB;10;TREB;5;AST;1.6;STL;1;BLK;2.9;TO;1.9;PF;1.724137931
Cameron Johnson;BRK;28;PF;NO;NO;31.6;18.8;Points;6.2;13.1;0.475;FG%;7.2;3PT Made;3.5;3.9;0.893;FT%;0.9;OREB;3.4;DREB;4.3;TREB;3.4;AST;0.9;STL;0.4;BLK;1.7;TO;1.8;PF;2
Julius Randle;MIN;30;PF;NO;NO;32.3;18.7;Points;6.6;13.6;0.485;FG%;4.6;3PT Made;3.9;4.9;0.806;FT%;2.1;OREB;5;DREB;7.1;TREB;4.7;AST;0.7;STL;0.2;BLK;2.8;TO;2.5;PF;1.678571429
Tyrese Haliburton;IND;24;PG;NO;NO;33.6;18.6;Points;6.5;13.8;0.473;FG%;7.7;3PT Made;2.6;3;0.851;FT%;0.6;OREB;3;DREB;3.5;TREB;9.2;AST;1.4;STL;0.7;BLK;1.6;TO;1.3;PF;5.75
Evan Mobley;CLE;23;PF;NO;NO;30.5;18.5;Points;7.1;12.8;0.557;FG%;3.2;3PT Made;3.1;4.3;0.725;FT%;2.3;OREB;7;DREB;9.3;TREB;3.2;AST;0.9;STL;1.6;BLK;2;TO;2;PF;1.6
Shaedon Sharpe;POR;21;SG;NO;NO;31.3;18.5;Points;6.9;15.3;0.452;FG%;6.6;3PT Made;2.6;3.4;0.785;FT%;0.9;OREB;3.6;DREB;4.5;TREB;2.8;AST;0.9;STL;0.2;BLK;2.1;TO;1.7;PF;1.333333333
Nikola Vuèeviæ;CHI;34;C;NO;NO;31.2;18.5;Points;7.5;14.2;0.53;FG%;4.4;3PT Made;1.6;2;0.805;FT%;2.4;OREB;7.6;DREB;10.1;TREB;3.5;AST;0.8;STL;0.7;BLK;1.6;TO;2.2;PF;2.1875
Collin Sexton;UTA;26;SG;NO;NO;27.9;18.4;Points;6.6;13.8;0.48;FG%;4.3;3PT Made;3.4;4;0.865;FT%;1;OREB;1.8;DREB;2.7;TREB;4.2;AST;0.7;STL;0.1;BLK;2.5;TO;2.3;PF;1.68
Michael Porter Jr.;DEN;26;SF;NO;NO;33.7;18.2;Points;6.9;13.6;0.504;FG%;6.4;3PT Made;1.9;2.5;0.768;FT%;1.8;OREB;5.2;DREB;7;TREB;2.1;AST;0.6;STL;0.5;BLK;1.4;TO;2;PF;1.5
Bam Adebayo;MIA;27;C;NO;NO;34.3;18.1;Points;6.9;14.3;0.485;FG%;2.8;3PT Made;3.2;4.2;0.765;FT%;2.4;OREB;7.2;DREB;9.6;TREB;4.3;AST;1.3;STL;0.7;BLK;2.1;TO;2.1;PF;2.047619048
Andrew Wiggins;GSW;29;SF;NO;NO;31.1;18.3;Points;6.45;14.25;0.451;FG%;5.85;3PT Made;3.3;4.4;0.754;FT%;1.45;OREB;2.95;DREB;4.4;TREB;2.85;AST;1.05;STL;0.9;BLK;1.9;TO;1.7;PF;1.583076923
OG Anunoby;NYK;27;PF;NO;NO;36.6;18;Points;6.6;13.9;0.476;FG%;6.2;3PT Made;2.5;3.1;0.81;FT%;1.3;OREB;3.5;DREB;4.8;TREB;2.2;AST;1.5;STL;0.9;BLK;1.4;TO;2.3;PF;1.571428571
Mikal Bridges;NYK;28;SF;NO;NO;37;17.6;Points;7.2;14.4;0.5;FG%;5.6;3PT Made;1.2;1.4;0.814;FT%;0.9;OREB;2.3;DREB;3.2;TREB;3.7;AST;0.9;STL;0.5;BLK;1.6;TO;1.5;PF;2.3125
Jaden Ivey;DET;22;SG;NO;NO;29.9;17.6;Points;6.3;13.8;0.46;FG%;5.1;3PT Made;2.8;3.9;0.733;FT%;1.3;OREB;2.8;DREB;4.1;TREB;4;AST;0.9;STL;0.4;BLK;3;TO;2.2;PF;1.333333333
Jimmy Butler;GSW;35;PF;NO;NO;31.65;17.45;Points;5.5;10.8;0.508;FG%;1.85;3PT Made;5.95;7.05;0.8355;FT%;2.25;OREB;3.1;DREB;5.35;TREB;5.35;AST;1.4;STL;0.35;BLK;1.35;TO;0.95;PF;3.966666667
Dejounte Murray;NOP;28;PG;NO;NO;32.6;17.5;Points;6.3;15.9;0.393;FG%;5.6;3PT Made;3.3;4;0.823;FT%;0.5;OREB;5.9;DREB;6.5;TREB;7.4;AST;2;STL;0.4;BLK;3.4;TO;2;PF;2.176470588
Malik Monk;SAC;26;SG;NO;NO;31.6;17.2;Points;6.3;14.4;0.439;FG%;6.6;3PT Made;2.4;2.7;0.865;FT%;0.5;OREB;3.3;DREB;3.8;TREB;5.6;AST;0.9;STL;0.6;BLK;2.4;TO;2.4;PF;2.333333333
Immanuel Quickley;TOR;25;PG;NO;NO;27.8;17.1;Points;5.6;13.3;0.42;FG%;6.8;3PT Made;3.4;3.9;0.867;FT%;0.5;OREB;3.1;DREB;3.5;TREB;5.8;AST;0.7;STL;0.1;BLK;1.8;TO;1.8;PF;3.222222222
De'Andre Hunter;ATL;27;SF;NO;NO;26.9;16.65;Points;5.5;11.65;0.473;FG%;5.95;3PT Made;3.25;3.85;0.8395;FT%;0.65;OREB;3.4;DREB;4.05;TREB;1.4;AST;0.75;STL;0.2;BLK;1.25;TO;2.45;PF;1.190972222
Bradley Beal;PHO;31;SG;NO;NO;32.1;17;Points;6.5;13.1;0.497;FG%;5;3PT Made;2.1;2.6;0.803;FT%;0.6;OREB;2.7;DREB;3.3;TREB;3.7;AST;1.1;STL;0.5;BLK;1.9;TO;2.6;PF;1.947368421
Deni Avdija;POR;24;SF;NO;NO;30;16.9;Points;5.6;11.7;0.476;FG%;4.8;3PT Made;4;5.2;0.78;FT%;1.5;OREB;5.7;DREB;7.3;TREB;3.9;AST;1;STL;0.5;BLK;2.7;TO;2.4;PF;1.444444444
Keyonte George;UTA;21;PG;NO;NO;31.5;16.8;Points;5.4;13.7;0.391;FG%;7.6;3PT Made;3.5;4.3;0.818;FT%;0.4;OREB;3.4;DREB;3.8;TREB;5.6;AST;0.7;STL;0.1;BLK;2.7;TO;1.7;PF;2.074074074
Ivica Zubac;LAC;27;C;NO;NO;32.8;16.8;Points;7.4;11.8;0.628;FG%;0;3PT Made;2;3;0.661;FT%;3.8;OREB;8.9;DREB;12.6;TREB;2.7;AST;0.7;STL;1.1;BLK;1.6;TO;2.1;PF;1.6875
Derrick White;BOS;30;SG;NO;NO;33.9;16.4;Points;5.6;12.6;0.442;FG%;9.1;3PT Made;1.8;2.1;0.839;FT%;0.9;OREB;3.6;DREB;4.5;TREB;4.8;AST;0.9;STL;1.1;BLK;1.7;TO;1.8;PF;2.823529412
Malik Beasley;DET;28;SG;NO;NO;27.8;16.3;Points;5.6;13.1;0.43;FG%;9.3;3PT Made;1.2;1.7;0.679;FT%;0.6;OREB;2;DREB;2.6;TREB;1.7;AST;0.9;STL;0.1;BLK;1;TO;1.5;PF;1.7
Devin Vassell;SAS;24;SG;NO;NO;31;16.3;Points;6.2;13.9;0.443;FG%;6.7;3PT Made;1.5;1.9;0.792;FT%;0.5;OREB;3.5;DREB;4;TREB;2.9;AST;1.3;STL;0.5;BLK;1.4;TO;1.7;PF;2.071428571
Jordan Clarkson;UTA;32;SG;NO;NO;26;16.2;Points;5.4;13.3;0.408;FG%;6.3;3PT Made;3.1;3.9;0.797;FT%;0.7;OREB;2.5;DREB;3.2;TREB;3.7;AST;0.8;STL;0.2;BLK;2.3;TO;1.4;PF;1.608695652
Paul George;PHI;34;PF;NO;NO;32.5;16.2;Points;6;13.9;0.43;FG%;6.5;3PT Made;1.9;2.4;0.814;FT%;0.6;OREB;4.8;DREB;5.3;TREB;4.3;AST;1.8;STL;0.5;BLK;2.6;TO;2.5;PF;1.653846154
Jalen Suggs;ORL;23;PG;NO;NO;28.6;16.2;Points;5.6;13.7;0.41;FG%;6.9;3PT Made;2.8;3.1;0.882;FT%;0.7;OREB;3.4;DREB;4;TREB;3.7;AST;1.5;STL;0.9;BLK;2.9;TO;2.8;PF;1.275862069
Bennedict Mathurin;IND;22;SF;NO;NO;29.8;16.1;Points;5.4;11.8;0.458;FG%;4;3PT Made;3.8;4.6;0.831;FT%;1.2;OREB;4.1;DREB;5.3;TREB;1.9;AST;0.7;STL;0.3;BLK;1.9;TO;2.3;PF;1
Myles Turner;IND;28;C;NO;NO;30.2;15.6;Points;5.4;11.3;0.481;FG%;5.5;3PT Made;2.6;3.3;0.773;FT%;1.3;OREB;5.3;DREB;6.5;TREB;1.5;AST;0.8;STL;2;BLK;1.7;TO;2.5;PF;0.882352941
Christian Braun;DEN;23;SG;NO;NO;33.9;15.4;Points;6;10.4;0.58;FG%;2.8;3PT Made;2.2;2.7;0.827;FT%;1.2;OREB;3.9;DREB;5.2;TREB;2.6;AST;1.1;STL;0.5;BLK;1;TO;2.2;PF;2.6
Jonathan Kuminga;GSW;22;PF;NO;NO;24.3;15.3;Points;5.5;12.1;0.454;FG%;3.2;3PT Made;3.3;5;0.668;FT%;1.2;OREB;3.4;DREB;4.6;TREB;2.2;AST;0.8;STL;0.4;BLK;1.5;TO;1.9;PF;1.466666667
Jared McCain;PHI;20;SG;NO;NO;25.7;15.3;Points;5.5;11.9;0.46;FG%;5.8;3PT Made;2.1;2.4;0.875;FT%;0.6;OREB;1.9;DREB;2.4;TREB;2.6;AST;0.7;STL;0;BLK;1.6;TO;1.6;PF;1.625
Mark Williams;CHO;23;C;NO;NO;26.6;15.3;Points;6.1;10.2;0.604;FG%;0.1;3PT Made;3;3.7;0.804;FT%;3;OREB;7.2;DREB;10.2;TREB;2.5;AST;0.7;STL;1.2;BLK;1.6;TO;2.4;PF;1.5625
Kelly Oubre Jr.;PHI;29;SF;NO;NO;34.6;15.1;Points;5.8;12.4;0.47;FG%;4;3PT Made;2.3;3.1;0.751;FT%;1.6;OREB;4.5;DREB;6.1;TREB;1.8;AST;1.5;STL;0.5;BLK;1.3;TO;3;PF;1.384615385
Chet Holmgren;OKC;22;C;NO;NO;27.4;15;Points;5.2;10.7;0.49;FG%;3.6;3PT Made;3.2;4.2;0.754;FT%;1.5;OREB;6.5;DREB;8;TREB;2;AST;0.7;STL;2.2;BLK;1.8;TO;2.3;PF;1.111111111
Kyle Kuzma;MIL;29;PF;NO;NO;29.75;14.85;Points;5.7;13.05;0.4375;FG%;4.8;3PT Made;1.95;3.15;0.6325;FT%;0.8;OREB;4.85;DREB;5.7;TREB;2.35;AST;0.55;STL;0.3;BLK;2.25;TO;1.8;PF;1.043478261
Stephon Castle;SAS;20;PG;NO;NO;26.7;14.7;Points;5.2;12.2;0.428;FG%;4.1;3PT Made;3.1;4.2;0.724;FT%;1.1;OREB;2.6;DREB;3.7;TREB;4.1;AST;0.9;STL;0.3;BLK;2.2;TO;2;PF;1.863636364
Aaron Gordon;DEN;29;PF;NO;NO;28.4;14.7;Points;5.2;9.7;0.531;FG%;3.4;3PT Made;2.8;3.5;0.81;FT%;1.6;OREB;3.3;DREB;4.8;TREB;3.2;AST;0.5;STL;0.3;BLK;1.4;TO;1.6;PF;2.285714286
P.J. Washington;DAL;26;PF;NO;NO;32.2;14.7;Points;5.3;11.7;0.453;FG%;4.2;3PT Made;2.5;3.5;0.722;FT%;1.4;OREB;6.3;DREB;7.8;TREB;2.3;AST;1.1;STL;1.1;BLK;2.1;TO;2.3;PF;1.095238095
Quentin Grimes;DAL;24;SG;NO;NO;28.25;16.05;Points;5.65;12.1;0.466;FG%;6.1;3PT Made;2.45;3.25;0.7585;FT%;0.8;OREB;3.65;DREB;4.5;TREB;3.3;AST;1.1;STL;0.3;BLK;2.1;TO;1.9;PF;1.583554377
Josh Giddey;CHI;22;PG;NO;NO;30.2;14.6;Points;5.3;11.4;0.465;FG%;4;3PT Made;2.5;3.2;0.781;FT%;1.8;OREB;6.3;DREB;8.1;TREB;7.2;AST;1.2;STL;0.6;BLK;2.9;TO;1.7;PF;2.482758621
Jakob Poeltl;TOR;29;C;NO;NO;29.6;14.5;Points;6.4;10.2;0.627;FG%;0.1;3PT Made;1.7;2.5;0.674;FT%;3.3;OREB;6.3;DREB;9.6;TREB;2.8;AST;1.2;STL;1.2;BLK;1.9;TO;3.1;PF;1.473684211
Deandre Ayton;POR;26;C;NO;NO;30.2;14.4;Points;6.6;11.7;0.566;FG%;0.8;3PT Made;1;1.5;0.667;FT%;3.1;OREB;7.1;DREB;10.2;TREB;1.6;AST;0.8;STL;1;BLK;1.7;TO;2.2;PF;0.941176471
Gradey Dick;TOR;21;SG;NO;NO;29.4;14.4;Points;4.9;12;0.41;FG%;6;3PT Made;2.5;2.9;0.858;FT%;0.8;OREB;2.8;DREB;3.6;TREB;1.8;AST;0.9;STL;0.2;BLK;1.5;TO;2.2;PF;1.2
Jerami Grant;POR;30;PF;NO;NO;32.4;14.4;Points;4.6;12.2;0.373;FG%;6.3;3PT Made;3;3.5;0.849;FT%;0.6;OREB;2.9;DREB;3.5;TREB;2.1;AST;0.9;STL;1;BLK;1.4;TO;2.3;PF;1.5
Payton Pritchard;BOS;27;PG;NO;NO;28.4;14.3;Points;5.1;10.8;0.472;FG%;7.8;3PT Made;0.9;1.1;0.845;FT%;1.3;OREB;2.6;DREB;3.8;TREB;3.5;AST;0.9;STL;0.2;BLK;1;TO;1.5;PF;3.5
Naz Reid;MIN;25;C;NO;NO;27.5;14.2;Points;5.3;11.5;0.462;FG%;5.8;3PT Made;1.4;1.8;0.776;FT%;1.2;OREB;4.9;DREB;6;TREB;2.3;AST;0.7;STL;0.9;BLK;1.4;TO;2.4;PF;1.642857143
Dyson Daniels;ATL;21;SG;NO;NO;33.8;14.1;Points;6;12.1;0.493;FG%;3.1;3PT Made;1.1;1.8;0.593;FT%;1.6;OREB;4.3;DREB;5.9;TREB;4.4;AST;3;STL;0.7;BLK;2;TO;2.3;PF;2.2
Tre Mann;CHO;23;PG;NO;NO;24.5;14.1;Points;5.4;12.4;0.435;FG%;4.6;3PT Made;1.5;1.6;0.905;FT%;0.9;OREB;2;DREB;2.9;TREB;3;AST;0.5;STL;0.3;BLK;1.9;TO;1.8;PF;1.578947368
Amen Thompson;HOU;22;SF;NO;NO;32.2;14.1;Points;5.6;10.1;0.557;FG%;1.3;3PT Made;2.4;3.6;0.684;FT%;2.8;OREB;5.4;DREB;8.2;TREB;3.8;AST;1.4;STL;1.3;BLK;2;TO;2.4;PF;1.9
Fred VanVleet;HOU;30;PG;NO;NO;35.2;14.1;Points;4.8;12.7;0.378;FG%;7.7;3PT Made;1.9;2.3;0.81;FT%;0.5;OREB;3.2;DREB;3.7;TREB;5.6;AST;1.6;STL;0.4;BLK;1.5;TO;2.3;PF;3.733333333
Dillon Brooks;HOU;29;SF;NO;NO;31.8;14;Points;5.1;11.9;0.429;FG%;6.3;3PT Made;1.3;1.6;0.818;FT%;1;OREB;2.7;DREB;3.7;TREB;1.7;AST;0.8;STL;0.2;BLK;1;TO;3.2;PF;1.7
Tolu Smith;DET;24;PF;NO;NO;22;14;Points;6;9;0.667;FG%;0;3PT Made;2;3;0.667;FT%;4;OREB;4;DREB;8;TREB;0;AST;0;STL;0;BLK;2;TO;3;PF;0
Klay Thompson;DAL;34;SF;NO;NO;27.3;14;Points;5;12.2;0.412;FG%;7.7;3PT Made;0.9;1;0.905;FT%;0.6;OREB;2.8;DREB;3.4;TREB;2;AST;0.7;STL;0.4;BLK;1.2;TO;1.1;PF;1.666666667
Bobby Portis;MIL;29;PF;NO;NO;25.4;13.9;Points;5.7;12.1;0.466;FG%;3.6;3PT Made;1.2;1.5;0.836;FT%;1.8;OREB;6.6;DREB;8.4;TREB;2.1;AST;0.7;STL;0.5;BLK;1.2;TO;1.9;PF;1.75
Tobias Harris;DET;32;PF;NO;NO;31.6;13.7;Points;5.3;11;0.477;FG%;3.6;3PT Made;2;2.3;0.861;FT%;0.9;OREB;5;DREB;5.9;TREB;2.2;AST;1;STL;0.8;BLK;1.2;TO;1.9;PF;1.833333333
Josh Hart;NYK;29;SG;NO;NO;37.6;13.6;Points;5.2;10;0.525;FG%;3.3;3PT Made;2.1;2.7;0.776;FT%;2.1;OREB;7.5;DREB;9.6;TREB;5.9;AST;1.5;STL;0.4;BLK;2.1;TO;2.6;PF;2.80952381
Jarrett Allen;CLE;26;C;NO;NO;28;13.5;Points;5.5;7.8;0.706;FG%;0.1;3PT Made;2.4;3.4;0.718;FT%;2.6;OREB;7.1;DREB;9.7;TREB;1.9;AST;0.9;STL;0.9;BLK;1.2;TO;1.5;PF;1.583333333
Onyeka Okongwu;ATL;24;C;NO;NO;27.9;13.4;Points;5.2;9.2;0.567;FG%;2;3PT Made;2.2;2.9;0.759;FT%;3;OREB;5.9;DREB;8.9;TREB;2.3;AST;0.9;STL;0.9;BLK;1.2;TO;2.6;PF;1.916666667
Russell Westbrook;DEN;36;PG;NO;NO;27.9;13.3;Points;5;11.1;0.449;FG%;3.9;3PT Made;2.1;3.1;0.661;FT%;1.4;OREB;3.6;DREB;4.9;TREB;6.1;AST;1.4;STL;0.5;BLK;3.2;TO;2.5;PF;1.90625
Naji Marshall;DAL;27;SF;NO;NO;27.8;13.2;Points;5.2;10.3;0.508;FG%;3.2;3PT Made;1.9;2.3;0.813;FT%;1.1;OREB;3.7;DREB;4.8;TREB;3;AST;1;STL;0.2;BLK;1.6;TO;1.6;PF;1.875
Dennis Schröder;BRK;31;PG;NO;NO;28.33333333;13.26666667;Points;4.566666667;11.2;0.401666667;FG%;5.033333333;3PT Made;2.4;2.833333333;0.822;FT%;0.366666667;OREB;2.3;DREB;2.633333333;TREB;5.433333333;AST;0.866666667;STL;0.166666667;BLK;1.966666667;TO;2.4;PF;2.938461538
Rui Hachimura;LAL;26;PF;NO;NO;31.7;13.1;Points;5;9.8;0.509;FG%;4.2;3PT Made;1.5;1.9;0.77;FT%;1.3;OREB;3.7;DREB;5;TREB;1.4;AST;0.8;STL;0.4;BLK;0.8;TO;1.8;PF;1.75
Brook Lopez;MIL;36;C;NO;NO;31.8;13;Points;4.9;9.7;0.509;FG%;4.7;3PT Made;1.4;1.7;0.826;FT%;1.4;OREB;3.6;DREB;5;TREB;1.8;AST;0.6;STL;1.9;BLK;1.1;TO;2.1;PF;1.636363636
Alex Sarr;WAS;19;C;NO;NO;27.1;13;Points;4.9;12.4;0.394;FG%;5.1;3PT Made;1.7;2.5;0.679;FT%;1.9;OREB;4.6;DREB;6.5;TREB;2.4;AST;0.7;STL;1.5;BLK;1.7;TO;2.2;PF;1.411764706
Moritz Wagner;ORL;27;C;NO;NO;18.8;12.9;Points;4.7;8.3;0.562;FG%;2.5;3PT Made;2.6;3.7;0.718;FT%;1.3;OREB;3.6;DREB;4.9;TREB;1.4;AST;0.8;STL;0.4;BLK;1.6;TO;1.8;PF;0.875
Malcolm Brogdon;WAS;32;PG;NO;NO;23.5;12.7;Points;4.3;10;0.433;FG%;2.3;3PT Made;3.4;3.8;0.88;FT%;0.9;OREB;2.9;DREB;3.8;TREB;4.1;AST;0.5;STL;0.2;BLK;1.6;TO;1.3;PF;2.5625
Scoot Henderson;POR;20;PG;NO;NO;26.7;12.7;Points;4.3;10.4;0.419;FG%;4.5;3PT Made;2.4;3.1;0.767;FT%;0.8;OREB;2.2;DREB;3;TREB;5.1;AST;1;STL;0.2;BLK;2.7;TO;2.7;PF;1.888888889
Keldon Johnson;SAS;25;SF;NO;NO;23.9;12.7;Points;4.8;10;0.482;FG%;3.6;3PT Made;1.9;2.5;0.773;FT%;1.5;OREB;3.4;DREB;4.8;TREB;1.6;AST;0.6;STL;0.3;BLK;1;TO;1.5;PF;1.6
D'Angelo Russell;BRK;28;PG;NO;NO;25.5;12.65;Points;4.25;11;0.391;FG%;6.2;3PT Made;2.1;2.5;0.8375;FT%;0.35;OREB;2.45;DREB;2.8;TREB;5.15;AST;0.95;STL;0.4;BLK;1.85;TO;1.95;PF;2.782352941
Zaccharie Risacher;ATL;19;SF;NO;NO;24.6;12.6;Points;4.8;10.4;0.458;FG%;4.6;3PT Made;1.4;2;0.711;FT%;1.1;OREB;2.4;DREB;3.6;TREB;1.2;AST;0.7;STL;0.5;BLK;1.2;TO;2;PF;1
Santi Aldama;MEM;24;PF;NO;NO;25.5;12.5;Points;4.8;10;0.483;FG%;5;3PT Made;1;1.4;0.691;FT%;1.4;OREB;5;DREB;6.4;TREB;2.9;AST;0.8;STL;0.4;BLK;1.1;TO;1.2;PF;2.636363636
Ty Jerome;CLE;27;SG;NO;NO;19.9;12.5;Points;4.6;8.8;0.516;FG%;3.6;3PT Made;1.8;2.1;0.872;FT%;0.7;OREB;1.8;DREB;2.5;TREB;3.4;AST;1.1;STL;0;BLK;1.3;TO;1.5;PF;2.615384615
Keegan Murray;SAC;24;PF;NO;NO;34.3;12.4;Points;4.8;10.8;0.444;FG%;5.9;3PT Made;0.8;0.9;0.833;FT%;1.9;OREB;4.8;DREB;6.7;TREB;1.4;AST;0.8;STL;0.9;BLK;0.8;TO;2.4;PF;1.75
Lonnie Walker IV;PHI;26;SG;NO;NO;23.9;12.4;Points;4.5;10.6;0.42;FG%;6.4;3PT Made;1.2;1.5;0.8;FT%;0.3;OREB;2.9;DREB;3.2;TREB;2.5;AST;0.5;STL;0.3;BLK;1.3;TO;1.4;PF;1.923076923
Harrison Barnes;SAS;32;PF;NO;NO;27.2;12.3;Points;4.2;8.3;0.508;FG%;4.4;3PT Made;2;2.4;0.809;FT%;1.2;OREB;2.6;DREB;3.8;TREB;1.7;AST;0.5;STL;0.2;BLK;0.6;TO;0.9;PF;2.833333333
Bilal Coulibaly;WAS;20;SF;NO;NO;33;12.3;Points;4.5;10.6;0.421;FG%;3.8;3PT Made;2.3;3.1;0.746;FT%;1.5;OREB;3.4;DREB;5;TREB;3.4;AST;1.3;STL;0.7;BLK;2.1;TO;2.4;PF;1.619047619
Ayo Dosunmu;CHI;25;SG;NO;NO;30.3;12.3;Points;4.8;9.8;0.492;FG%;4.1;3PT Made;1.3;1.7;0.785;FT%;0.6;OREB;2.9;DREB;3.5;TREB;4.5;AST;0.9;STL;0.4;BLK;1.5;TO;2.3;PF;3
Daniel Gafford;DAL;26;C;NO;NO;21.5;12.3;Points;5;7.1;0.702;FG%;0;3PT Made;2.4;3.4;0.689;FT%;2.7;OREB;4.1;DREB;6.8;TREB;1.4;AST;0.4;STL;1.8;BLK;1.2;TO;2.7;PF;1.166666667
Jaden McDaniels;MIN;24;PF;NO;NO;31.9;12.2;Points;4.9;10.2;0.477;FG%;3.7;3PT Made;1.3;1.6;0.813;FT%;1.6;OREB;4.2;DREB;5.7;TREB;2;AST;1.3;STL;0.9;BLK;1.2;TO;2.7;PF;1.666666667
Jabari Smith Jr.;HOU;21;PF;NO;NO;30.1;12.2;Points;4.4;9.9;0.438;FG%;4.9;3PT Made;1.8;2.2;0.825;FT%;1.8;OREB;5.2;DREB;7;TREB;1.1;AST;0.4;STL;0.7;BLK;1.1;TO;2.2;PF;1
Caris LeVert;ATL;30;SF;NO;NO;25.2;12.55;Points;4.6;9.7;0.4675;FG%;4.55;3PT Made;1.75;2.5;0.7105;FT%;0.65;OREB;2.6;DREB;3.25;TREB;3.3;AST;0.9;STL;0.5;BLK;1.15;TO;1.65;PF;2.873076923
Drew Timme;BRK;24;PF;NO;NO;28.2;12.1;Points;5;11.3;0.441;FG%;3.9;3PT Made;1.1;1.8;0.625;FT%;1.9;OREB;5.3;DREB;7.2;TREB;2.2;AST;0.4;STL;0.1;BLK;1.7;TO;2.3;PF;1.294117647
Tari Eason;HOU;23;PF;NO;NO;24.9;12;Points;4.8;9.8;0.487;FG%;3.2;3PT Made;1.4;1.8;0.76;FT%;2.2;OREB;4.1;DREB;6.4;TREB;1.5;AST;1.7;STL;0.9;BLK;1.1;TO;2.4;PF;1.363636364
Rudy Gobert;MIN;32;C;NO;NO;33.2;12;Points;4.7;7.1;0.669;FG%;0;3PT Made;2.6;3.8;0.674;FT%;3.7;OREB;7.2;DREB;10.9;TREB;1.8;AST;0.8;STL;1.4;BLK;1.2;TO;2.5;PF;1.5
Aaron Nesmith;IND;25;SF;NO;NO;25;12;Points;4.3;8.4;0.507;FG%;4.3;3PT Made;1.6;1.8;0.913;FT%;0.8;OREB;3.1;DREB;4;TREB;1.2;AST;0.8;STL;0.4;BLK;0.8;TO;2.5;PF;1.5
Aaron Wiggins;OKC;26;SG;NO;NO;22.9;12;Points;4.7;9.6;0.488;FG%;4.5;3PT Made;1;1.2;0.831;FT%;1.1;OREB;2.8;DREB;3.9;TREB;1.8;AST;0.8;STL;0.2;BLK;0.9;TO;1.3;PF;2
Khris Middleton;MIL;33;SF;NO;NO;22.65;11.65;Points;4.2;9.1;0.4625;FG%;3.55;3PT Made;2.05;2.35;0.858;FT%;0.4;OREB;3.3;DREB;3.7;TREB;3.9;AST;1;STL;0.2;BLK;1.5;TO;1.95;PF;2.589285714
Jalen Duren;DET;21;C;NO;NO;26.1;11.8;Points;4.8;7;0.692;FG%;0;3PT Made;2.1;3.1;0.669;FT%;3.6;OREB;6.8;DREB;10.3;TREB;2.7;AST;0.7;STL;1.1;BLK;1.7;TO;3.2;PF;1.588235294
Donte DiVincenzo;MIN;28;SG;NO;NO;25.9;11.7;Points;4;9.6;0.422;FG%;7.1;3PT Made;0.8;1;0.778;FT%;0.5;OREB;3.2;DREB;3.7;TREB;3.6;AST;1.2;STL;0.3;BLK;1.6;TO;1.8;PF;2.25
Brandin Podziemski;GSW;21;SG;NO;NO;26.8;11.7;Points;4.4;9.8;0.445;FG%;4.8;3PT Made;1.1;1.5;0.758;FT%;1;OREB;4.1;DREB;5.1;TREB;3.4;AST;1.1;STL;0.2;BLK;1.2;TO;1.5;PF;2.833333333
Corey Kispert;WAS;25;SF;NO;NO;26.3;11.6;Points;4.2;9.3;0.451;FG%;5.4;3PT Made;1.2;1.4;0.852;FT%;0.6;OREB;2.4;DREB;3;TREB;1.7;AST;0.4;STL;0.2;BLK;1;TO;1.6;PF;1.7
Jeremy Sochan;SAS;21;PF;NO;NO;25.3;11.4;Points;4.6;8.7;0.535;FG%;1.7;3PT Made;1.6;2.3;0.696;FT%;2.4;OREB;4.2;DREB;6.5;TREB;2.4;AST;0.8;STL;0.5;BLK;1.6;TO;2.4;PF;1.5
Toumani Camara;POR;24;PF;NO;NO;32.7;11.3;Points;4.2;9.2;0.458;FG%;4.6;3PT Made;1.2;1.6;0.722;FT%;2.2;OREB;3.6;DREB;5.8;TREB;2.2;AST;1.5;STL;0.6;BLK;1.4;TO;2.9;PF;1.571428571
Isaiah Hartenstein;OKC;26;C;NO;NO;27.9;11.2;Points;4.9;8.4;0.581;FG%;0.3;3PT Made;1.4;2.1;0.675;FT%;2.9;OREB;7.9;DREB;10.7;TREB;3.8;AST;0.8;STL;1.1;BLK;1.7;TO;3;PF;2.235294118
Buddy Hield;GSW;32;SG;NO;NO;22.7;11.1;Points;4;9.6;0.417;FG%;6.7;3PT Made;0.6;0.8;0.828;FT%;0.6;OREB;2.6;DREB;3.2;TREB;1.6;AST;0.8;STL;0.3;BLK;1.1;TO;1.6;PF;1.454545455
Jrue Holiday;BOS;34;PG;NO;NO;30.6;11.1;Points;4.1;9.2;0.443;FG%;4.9;3PT Made;1.1;1.2;0.909;FT%;1.2;OREB;3;DREB;4.3;TREB;3.9;AST;1.1;STL;0.4;BLK;1.2;TO;1.6;PF;3.25
Walker Kessler;UTA;23;C;NO;NO;30;11.1;Points;4.8;7.2;0.663;FG%;0.6;3PT Made;1.4;2.6;0.52;FT%;4.6;OREB;7.6;DREB;12.2;TREB;1.7;AST;0.6;STL;2.4;BLK;1.5;TO;2.2;PF;1.133333333
Gary Trent Jr.;MIL;26;SG;NO;NO;25.6;11.1;Points;3.8;8.9;0.431;FG%;5.9;3PT Made;1.1;1.2;0.848;FT%;0.3;OREB;2;DREB;2.3;TREB;1.2;AST;1;STL;0.1;BLK;0.6;TO;1.7;PF;2
Spencer Dinwiddie;DAL;31;PG;NO;NO;27;11;Points;3.6;8.6;0.416;FG%;4.1;3PT Made;2.5;3.1;0.802;FT%;0.2;OREB;2.4;DREB;2.6;TREB;4.4;AST;0.9;STL;0.2;BLK;1.3;TO;1.5;PF;3.384615385
Tim Hardaway Jr.;DET;32;SG;NO;NO;28;11;Points;3.6;8.8;0.406;FG%;5.9;3PT Made;1.6;1.9;0.855;FT%;0.2;OREB;2.1;DREB;2.4;TREB;1.6;AST;0.5;STL;0.1;BLK;0.6;TO;1.2;PF;2.666666667
Duncan Robinson;MIA;30;SF;NO;NO;24.1;11;Points;3.9;9;0.437;FG%;6.5;3PT Made;0.6;0.7;0.887;FT%;0.2;OREB;2;DREB;2.3;TREB;2.4;AST;0.5;STL;0.1;BLK;1.2;TO;1.8;PF;2
Guerschon Yabusele;PHI;29;C;NO;NO;27.1;11;Points;4;8;0.501;FG%;3.9;3PT Made;1.4;2;0.725;FT%;1.9;OREB;3.7;DREB;5.6;TREB;2.1;AST;0.8;STL;0.3;BLK;1.2;TO;2.3;PF;1.75
Brice Sensabaugh;UTA;21;SF;NO;NO;20.2;10.9;Points;3.9;8.4;0.459;FG%;5.2;3PT Made;0.9;1;0.89;FT%;0.6;OREB;2.4;DREB;3;TREB;1.5;AST;0.6;STL;0.1;BLK;1.5;TO;1.6;PF;1
Bogdan Bogdanoviæ;ATL;32;SG;NO;NO;24.95;10.7;Points;3.85;9.1;0.4225;FG%;5.45;3PT Made;1.1;1.25;0.8785;FT%;0.45;OREB;2.5;DREB;2.95;TREB;2.6;AST;0.75;STL;0.25;BLK;1.35;TO;2.35;PF;2
Jordan Hawkins;NOP;22;SG;NO;NO;23.6;10.8;Points;3.7;9.9;0.372;FG%;5.9;3PT Made;1.4;1.8;0.816;FT%;0.4;OREB;2.4;DREB;2.8;TREB;1.2;AST;0.5;STL;0.4;BLK;1;TO;0.9;PF;1.2
Brandon Boston Jr.;NOP;23;SG;NO;NO;23.6;10.7;Points;4;9.1;0.436;FG%;3.3;3PT Made;1.6;2;0.788;FT%;0.7;OREB;2.5;DREB;3.2;TREB;2.2;AST;1.3;STL;0.2;BLK;1.2;TO;1.7;PF;1.833333333
Nikola Joviæ;MIA;21;PF;NO;NO;25.1;10.7;Points;3.7;8.2;0.456;FG%;4.6;3PT Made;1.6;1.9;0.828;FT%;0.6;OREB;3.3;DREB;3.9;TREB;2.8;AST;0.8;STL;0.3;BLK;1.3;TO;1.8;PF;2.153846154
Grayson Allen;PHO;29;SG;NO;NO;24.1;10.6;Points;3.4;7.6;0.448;FG%;5.5;3PT Made;1.5;1.8;0.816;FT%;0.5;OREB;2.5;DREB;3;TREB;2.1;AST;0.8;STL;0.3;BLK;1.2;TO;1.5;PF;1.75
Keon Johnson;BRK;22;SG;NO;NO;24.4;10.6;Points;3.8;9.9;0.389;FG%;5.1;3PT Made;1.4;1.8;0.77;FT%;0.8;OREB;3;DREB;3.8;TREB;2.2;AST;1;STL;0.4;BLK;1.5;TO;2.6;PF;1.466666667
Terry Rozier;MIA;30;PG;NO;NO;25.9;10.6;Points;3.9;9.9;0.391;FG%;4.8;3PT Made;1.4;1.7;0.852;FT%;0.7;OREB;3;DREB;3.7;TREB;2.6;AST;0.6;STL;0.2;BLK;1.2;TO;1.1;PF;2.166666667
Obi Toppin;IND;26;PF;NO;NO;19.6;10.5;Points;4;7.6;0.529;FG%;3.8;3PT Made;1.1;1.4;0.781;FT%;0.7;OREB;3.3;DREB;4;TREB;1.6;AST;0.6;STL;0.4;BLK;0.9;TO;1.4;PF;1.777777778
Jonas Valanèi?nas;SAC;32;C;NO;NO;18.5;10.1;Points;4.15;7.5;0.5515;FG%;0.45;3PT Made;1.75;2;0.8715;FT%;2.3;OREB;5.3;DREB;7.6;TREB;2;AST;0.45;STL;0.6;BLK;1.4;TO;2.3;PF;1.511111111
Ochai Agbaji;TOR;24;SG;NO;NO;27.2;10.4;Points;4.2;8.3;0.498;FG%;4;3PT Made;0.5;0.8;0.708;FT%;1;OREB;2.8;DREB;3.8;TREB;1.5;AST;0.9;STL;0.5;BLK;0.8;TO;2;PF;1.875
Jaylen Wells;MEM;21;SG;NO;NO;25.9;10.4;Points;3.6;8.6;0.425;FG%;5;3PT Made;1.4;1.7;0.822;FT%;1.1;OREB;2.3;DREB;3.4;TREB;1.7;AST;0.6;STL;0.1;BLK;0.9;TO;1.8;PF;1.888888889
Grant Williams;CHO;26;PF;NO;NO;29.9;10.4;Points;3.4;7.7;0.439;FG%;4.6;3PT Made;1.9;2.3;0.838;FT%;1.1;OREB;4;DREB;5.1;TREB;2.3;AST;1.1;STL;0.8;BLK;1.8;TO;2.9;PF;1.277777778
Kevin Porter Jr.;LAC;24;SG;NO;NO;19.75;10.5;Points;3.9;8.6;0.4585;FG%;2.4;3PT Made;1.9;2.4;0.758;FT%;0.5;OREB;3.2;DREB;3.75;TREB;3.45;AST;1.15;STL;0.15;BLK;1.8;TO;1.6;PF;1.930340557
Jose Alvarado;NOP;26;PG;NO;NO;24.4;10.3;Points;3.6;9.3;0.392;FG%;5.5;3PT Made;1.1;1.3;0.811;FT%;0.5;OREB;1.9;DREB;2.4;TREB;4.6;AST;1.3;STL;0.3;BLK;1.5;TO;1.6;PF;3.066666667
Nic Claxton;BRK;25;C;NO;NO;26.9;10.3;Points;4.6;8.1;0.563;FG%;0.3;3PT Made;1.1;2.2;0.513;FT%;2.2;OREB;5.1;DREB;7.4;TREB;2.2;AST;0.9;STL;1.4;BLK;1.2;TO;2.1;PF;1.833333333
Herbert Jones;NOP;26;SF;NO;NO;32.4;10.3;Points;3.8;8.6;0.436;FG%;3.6;3PT Made;1.7;2;0.825;FT%;1.1;OREB;2.8;DREB;3.9;TREB;3.3;AST;1.9;STL;0.5;BLK;1.8;TO;3.3;PF;1.833333333
De'Anthony Melton;GSW;26;SG;NO;NO;20.2;10.3;Points;3.7;9;0.407;FG%;5.8;3PT Made;0.8;1.3;0.625;FT%;1;OREB;2.3;DREB;3.3;TREB;2.8;AST;1.2;STL;0.3;BLK;1.7;TO;3;PF;1.647058824
Isaiah Joe;OKC;25;SG;NO;NO;21.7;10.2;Points;3.5;7.9;0.44;FG%;6.3;3PT Made;0.6;0.8;0.821;FT%;0.6;OREB;2.1;DREB;2.6;TREB;1.6;AST;0.6;STL;0.1;BLK;0.5;TO;1.5;PF;3.2
Tyus Jones;PHO;28;PG;NO;NO;26.8;10.2;Points;3.8;8.4;0.448;FG%;5;3PT Made;0.6;0.7;0.895;FT%;0.5;OREB;1.9;DREB;2.4;TREB;5.3;AST;0.9;STL;0.1;BLK;1.1;TO;0.8;PF;4.818181818
Trendon Watford;BRK;24;PF;NO;NO;20.8;10.2;Points;3.7;8;0.469;FG%;2;3PT Made;2.1;2.8;0.762;FT%;0.8;OREB;2.8;DREB;3.6;TREB;2.6;AST;0.6;STL;0.3;BLK;1.9;TO;2.2;PF;1.368421053
Keion Brooks Jr.;NOP;24;SF;NO;NO;23.7;10.1;Points;3.8;7.8;0.486;FG%;3.1;3PT Made;1.6;2.1;0.733;FT%;0.9;OREB;3.3;DREB;4.1;TREB;0.9;AST;0.7;STL;0.7;BLK;0.9;TO;2.1;PF;1
Luguentz Dort;OKC;25;SF;NO;NO;29.2;10.1;Points;3.6;8.4;0.435;FG%;5.8;3PT Made;0.5;0.6;0.717;FT%;1.3;OREB;2.9;DREB;4.1;TREB;1.6;AST;1.1;STL;0.5;BLK;0.7;TO;2.9;PF;2.285714286
Justin Edwards;PHI;21;SF;NO;NO;26.3;10.1;Points;3.9;8.6;0.455;FG%;4.3;3PT Made;0.7;1;0.696;FT%;1;OREB;2.3;DREB;3.4;TREB;1.6;AST;1;STL;0.4;BLK;1.1;TO;2.2;PF;1.454545455
Derrick Jones Jr.;LAC;27;SF;NO;NO;24.3;10.1;Points;4;7.6;0.526;FG%;2.8;3PT Made;1.1;1.5;0.703;FT%;1.2;OREB;2.2;DREB;3.4;TREB;0.8;AST;1;STL;0.4;BLK;0.9;TO;2;PF;0.888888889
Ausar Thompson;DET;22;SF;NO;NO;22.5;10.1;Points;4.2;7.8;0.535;FG%;0.8;3PT Made;1.5;2.4;0.641;FT%;1.9;OREB;3.3;DREB;5.1;TREB;2.3;AST;1.7;STL;0.7;BLK;1.4;TO;2.8;PF;1.642857143
Chris Boucher;TOR;32;PF;NO;NO;17.2;10;Points;3.6;7.4;0.492;FG%;3.9;3PT Made;1.4;1.7;0.782;FT%;1.4;OREB;3.1;DREB;4.5;TREB;0.7;AST;0.5;STL;0.5;BLK;0.6;TO;1.4;PF;1.166666667
Andrew Nembhard;IND;25;SG;NO;NO;28.9;10;Points;3.8;8.3;0.458;FG%;2.7;3PT Made;1.7;2.1;0.794;FT%;0.5;OREB;2.8;DREB;3.3;TREB;5;AST;1.2;STL;0.2;BLK;1.7;TO;2.3;PF;2.941176471
Ziaire Williams;BRK;23;SF;NO;NO;24.5;10;Points;3.4;8.3;0.412;FG%;4.8;3PT Made;1.6;2;0.821;FT%;1;OREB;3.6;DREB;4.6;TREB;1.3;AST;1;STL;0.4;BLK;1.1;TO;2.4;PF;1.181818182
Kevin Huerter;CHI;26;SG;NO;NO;25.45;10.55;Points;4;9.25;0.426;FG%;6;3PT Made;0.55;0.75;0.714;FT%;0.4;OREB;2.55;DREB;3.05;TREB;2.45;AST;1;STL;0.35;BLK;1.05;TO;1.8;PF;2.277777778
Georges Niang;ATL;31;PF;NO;NO;21.8;10.4;Points;3.8;8.25;0.459;FG%;5.5;3PT Made;0.65;0.8;0.793;FT%;0.6;OREB;2.75;DREB;3.35;TREB;1.45;AST;0.35;STL;0.2;BLK;1.05;TO;2.55;PF;1.388888889
Julian Champagnie;SAS;23;SF;NO;NO;23.6;9.9;Points;3.4;8.1;0.415;FG%;5.9;3PT Made;1;1.1;0.904;FT%;0.8;OREB;3.1;DREB;3.9;TREB;1.4;AST;0.7;STL;0.4;BLK;0.9;TO;1.4;PF;1.555555556
Scotty Pippen Jr.;MEM;24;PG;NO;NO;21.3;9.9;Points;3.6;7.5;0.48;FG%;2.8;3PT Made;1.5;2.2;0.713;FT%;0.8;OREB;2.5;DREB;3.3;TREB;4.4;AST;1.3;STL;0.4;BLK;1.7;TO;2.6;PF;2.588235294
Nick Smith Jr.;CHO;20;SG;NO;NO;22.8;9.9;Points;3.7;9.5;0.391;FG%;5.1;3PT Made;0.7;0.8;0.935;FT%;0.2;OREB;1.9;DREB;2.1;TREB;2.4;AST;0.3;STL;0.1;BLK;1.4;TO;1.3;PF;1.714285714
Bub Carrington;WAS;19;PG;NO;NO;30;9.8;Points;3.7;9.1;0.401;FG%;5;3PT Made;0.8;1;0.812;FT%;0.4;OREB;3.8;DREB;4.2;TREB;4.4;AST;0.7;STL;0.3;BLK;1.7;TO;2.3;PF;2.588235294
Moses Moody;GSW;22;SG;NO;NO;22.3;9.8;Points;3.3;7.7;0.433;FG%;4.6;3PT Made;1.4;1.8;0.797;FT%;0.7;OREB;1.9;DREB;2.6;TREB;1.3;AST;0.8;STL;0.4;BLK;0.7;TO;1.6;PF;1.857142857
Amir Coffey;LAC;27;SG;NO;NO;24.3;9.7;Points;3.3;7.1;0.471;FG%;3.4;3PT Made;1.6;1.8;0.891;FT%;0.4;OREB;1.8;DREB;2.2;TREB;1.1;AST;0.6;STL;0.1;BLK;0.6;TO;1.7;PF;1.833333333
Max Christie;DAL;21;SG;NO;NO;27.75;9.85;Points;3.35;7.85;0.4275;FG%;4.1;3PT Made;1.7;1.95;0.8565;FT%;0.45;OREB;2.95;DREB;3.45;TREB;1.95;AST;0.85;STL;0.4;BLK;1.15;TO;1.45;PF;1.708333333
Kyle Filipowski;UTA;21;C;NO;NO;21.1;9.6;Points;3.6;7.2;0.502;FG%;3.1;3PT Made;1.3;2;0.65;FT%;1.6;OREB;4.6;DREB;6.1;TREB;1.9;AST;0.7;STL;0.3;BLK;1.4;TO;2.4;PF;1.357142857
Tosan Evbuomwan;BRK;23;SF;NO;NO;23.8;9.5;Points;3.4;7.9;0.427;FG%;2.8;3PT Made;2;2.6;0.753;FT%;1.1;OREB;3.1;DREB;4.3;TREB;2;AST;0.9;STL;0.4;BLK;1.4;TO;2;PF;1.428571429
Miles McBride;NYK;24;PG;NO;NO;24.9;9.5;Points;3.5;8.5;0.406;FG%;4.9;3PT Made;0.8;1;0.813;FT%;0.7;OREB;1.8;DREB;2.5;TREB;2.9;AST;1;STL;0.3;BLK;0.6;TO;1.7;PF;4.833333333
Jalen Wilson;BRK;24;PF;NO;NO;25.7;9.5;Points;3.1;7.8;0.397;FG%;4.6;3PT Made;1.7;2.1;0.818;FT%;0.9;OREB;2.5;DREB;3.4;TREB;1.8;AST;0.5;STL;0.1;BLK;1;TO;2.1;PF;1.8
Nickeil Alexander-Walker;MIN;26;SG;NO;NO;25.3;9.4;Points;3.3;7.5;0.438;FG%;4.5;3PT Made;1.1;1.4;0.78;FT%;0.7;OREB;2.6;DREB;3.2;TREB;2.7;AST;0.6;STL;0.4;BLK;1.2;TO;1.7;PF;2.25
Cole Anthony;ORL;24;PG;NO;NO;18.4;9.4;Points;3.4;8.1;0.424;FG%;3.3;3PT Made;1.4;1.7;0.823;FT%;0.7;OREB;2.4;DREB;3;TREB;2.9;AST;0.7;STL;0.5;BLK;1.5;TO;2.3;PF;1.933333333
Anthony Black;ORL;21;PG;NO;NO;24.2;9.4;Points;3.4;7.9;0.423;FG%;2.5;3PT Made;1.9;2.5;0.761;FT%;0.7;OREB;2.3;DREB;2.9;TREB;3.1;AST;1.1;STL;0.6;BLK;1.8;TO;2.1;PF;1.722222222
Max Strus;CLE;28;SF;NO;NO;25.5;9.4;Points;3.3;7.5;0.442;FG%;5.9;3PT Made;0.6;0.7;0.824;FT%;1.1;OREB;3.3;DREB;4.3;TREB;3.2;AST;0.5;STL;0.2;BLK;1.1;TO;2.1;PF;2.909090909
Tristan Vukcevic;WAS;21;C;NO;NO;14.7;9.4;Points;3.4;6.9;0.496;FG%;2.9;3PT Made;1.5;1.9;0.776;FT%;0.7;OREB;3;DREB;3.7;TREB;1.1;AST;0.3;STL;0.7;BLK;1.2;TO;1.6;PF;0.916666667
Cam Whitmore;HOU;20;SF;NO;NO;16.2;9.4;Points;3.5;7.9;0.444;FG%;3.6;3PT Made;1.1;1.4;0.75;FT%;0.7;OREB;2.3;DREB;3;TREB;1;AST;0.6;STL;0.3;BLK;0.9;TO;0.9;PF;1.111111111
Nick Richards;CHO;27;C;NO;NO;21.85;9.2;Points;3.45;5.95;0.583;FG%;0;3PT Made;2.25;3.05;0.75;FT%;2.55;OREB;5.5;DREB;8.05;TREB;0.95;AST;0.25;STL;1;BLK;1.45;TO;2.45;PF;0.637019231
Kel'el Ware;MIA;20;C;NO;NO;22.2;9.3;Points;4;7.3;0.554;FG%;1.7;3PT Made;0.7;1;0.687;FT%;1.8;OREB;5.6;DREB;7.4;TREB;0.9;AST;0.6;STL;1.1;BLK;0.9;TO;1.7;PF;1
Zach Edey;MEM;22;C;NO;NO;21.5;9.2;Points;3.8;6.6;0.58;FG%;0.8;3PT Made;1.4;1.9;0.709;FT%;3.5;OREB;4.8;DREB;8.3;TREB;1;AST;0.5;STL;1.3;BLK;1.3;TO;2.8;PF;0.769230769
Wendell Carter Jr.;ORL;25;C;NO;NO;25.9;9.1;Points;3.3;7.2;0.46;FG%;2.3;3PT Made;1.9;2.6;0.737;FT%;2.2;OREB;5;DREB;7.2;TREB;2;AST;0.8;STL;0.6;BLK;1.1;TO;2.9;PF;1.818181818
Noah Clowney;BRK;20;PF;NO;NO;22.7;9.1;Points;2.9;8.1;0.358;FG%;5.7;3PT Made;1.5;1.7;0.838;FT%;0.9;OREB;3;DREB;3.9;TREB;0.9;AST;0.5;STL;0.5;BLK;1;TO;2.3;PF;0.9
Dalton Knecht;LAL;23;SF;NO;NO;19.2;9.1;Points;3.3;7.1;0.461;FG%;4.4;3PT Made;0.8;1.1;0.762;FT%;0.5;OREB;2.3;DREB;2.8;TREB;0.8;AST;0.3;STL;0.1;BLK;0.5;TO;1.2;PF;1.6
A.J. Lawson;TOR;24;SG;NO;NO;18.7;9.1;Points;3.1;7.3;0.421;FG%;3.9;3PT Made;1.7;2.4;0.683;FT%;0.8;OREB;2.5;DREB;3.3;TREB;1.2;AST;0.5;STL;0.2;BLK;0.6;TO;1.7;PF;2
T.J. McConnell;IND;32;PG;NO;NO;17.9;9.1;Points;4.1;7.9;0.519;FG%;0.6;3PT Made;0.7;1;0.74;FT%;0.6;OREB;1.9;DREB;2.4;TREB;4.4;AST;1.1;STL;0.3;BLK;1.4;TO;1;PF;3.142857143
Yves Missi;NOP;20;C;NO;NO;26.8;9.1;Points;3.7;6.7;0.547;FG%;0;3PT Made;1.7;2.8;0.623;FT%;3.5;OREB;4.7;DREB;8.2;TREB;1.4;AST;0.5;STL;1.3;BLK;1.1;TO;2;PF;1.272727273
Royce O'Neale;PHO;31;SF;NO;NO;24.5;9.1;Points;3.2;7.6;0.423;FG%;5.9;3PT Made;0.3;0.3;0.731;FT%;0.7;OREB;3.9;DREB;4.7;TREB;2.2;AST;0.9;STL;0.5;BLK;0.9;TO;2;PF;2.444444444
Jared Butler;PHI;24;PG;NO;NO;17.85;9.2;Points;3.45;7.7;0.4545;FG%;2.95;3PT Made;1.25;1.5;0.824;FT%;0.4;OREB;1.45;DREB;1.9;TREB;3.75;AST;0.75;STL;0.25;BLK;1.35;TO;1.65;PF;2.805555556
Marcus Smart;MEM;30;PG;NO;NO;19.9;9;Points;3;7.55;0.399;FG%;4.05;3PT Made;1.6;2.1;0.7595;FT%;0.5;OREB;1.6;DREB;2.1;TREB;3.1;AST;1.15;STL;0.25;BLK;1.55;TO;1.55;PF;1.989316239
Draymond Green;GSW;34;PF;NO;NO;29.2;9;Points;3.2;7.5;0.424;FG%;3.6;3PT Made;1.5;2.2;0.687;FT%;1.1;OREB;5;DREB;6.1;TREB;5.6;AST;1.5;STL;1;BLK;2.6;TO;3.2;PF;2.153846154
Killian Hayes;BRK;23;PG;NO;NO;27;9;Points;3;7.2;0.419;FG%;3.5;3PT Made;1.7;2;0.833;FT%;0.8;OREB;2.2;DREB;3;TREB;5.2;AST;0.7;STL;0.7;BLK;1.5;TO;2.2;PF;3.466666667
Al Horford;BOS;38;C;NO;NO;27.7;9;Points;3.3;7.7;0.423;FG%;5.2;3PT Made;0.6;0.6;0.895;FT%;1.3;OREB;4.8;DREB;6.2;TREB;2.1;AST;0.6;STL;0.9;BLK;0.8;TO;1.4;PF;2.625
Julian Strawther;DEN;22;SG;NO;NO;21.3;9;Points;3.2;7.5;0.432;FG%;4.1;3PT Made;1.1;1.4;0.822;FT%;0.3;OREB;1.9;DREB;2.2;TREB;1.3;AST;0.6;STL;0.2;BLK;0.9;TO;2.3;PF;1.444444444
Patrick Williams;CHI;23;PF;NO;NO;25;9;Points;3.3;8.2;0.397;FG%;4.3;3PT Made;1;1.3;0.723;FT%;0.7;OREB;3.1;DREB;3.8;TREB;2;AST;0.8;STL;0.5;BLK;1.4;TO;1.4;PF;1.428571429
Jusuf Nurkiæ;CHO;30;C;NO;NO;20.9;8.9;Points;3.3;6.9;0.4755;FG%;2.1;3PT Made;1.65;2.55;0.6615;FT%;1.65;OREB;6.15;DREB;7.85;TREB;2.25;AST;0.8;STL;0.65;BLK;1.9;TO;2.55;PF;1.279710145
Clint Capela;ATL;30;C;NO;NO;21.4;8.9;Points;4;7.1;0.559;FG%;0;3PT Made;0.9;1.8;0.536;FT%;3.2;OREB;5.4;DREB;8.5;TREB;1.1;AST;0.6;STL;1;BLK;0.9;TO;1.9;PF;1.222222222
Johnny Juzang;UTA;23;SG;NO;NO;19.8;8.9;Points;3.2;7.4;0.429;FG%;4.9;3PT Made;0.7;0.8;0.849;FT%;0.7;OREB;2.2;DREB;2.9;TREB;1.1;AST;0.6;STL;0.1;BLK;0.6;TO;2;PF;1.833333333
Luke Kennard;MEM;28;SG;NO;NO;22.6;8.9;Points;3.2;6.6;0.478;FG%;4;3PT Made;0.8;0.9;0.895;FT%;0.6;OREB;2.2;DREB;2.8;TREB;3.3;AST;0.8;STL;0.1;BLK;1.1;TO;0.9;PF;3
Justin Champagnie;WAS;23;SF;NO;NO;21.6;8.8;Points;3.4;6.6;0.511;FG%;3.1;3PT Made;0.8;1.2;0.685;FT%;1.8;OREB;3.9;DREB;5.7;TREB;1;AST;1;STL;0.6;BLK;0.9;TO;1.8;PF;1.111111111
Svi Mykhailiuk;UTA;27;SF;NO;NO;20;8.8;Points;3.1;7.9;0.391;FG%;5.3;3PT Made;0.7;0.9;0.8;FT%;0.6;OREB;1.8;DREB;2.4;TREB;2;AST;0.5;STL;0.2;BLK;1.4;TO;1.1;PF;1.428571429
Chris Paul;SAS;39;PG;NO;NO;28;8.8;Points;3;7.1;0.427;FG%;4.5;3PT Made;1;1.1;0.924;FT%;0.4;OREB;3.2;DREB;3.6;TREB;7.4;AST;1.3;STL;0.3;BLK;1.6;TO;1.8;PF;4.625
Kelly Olynyk;NOP;33;C;NO;NO;20.7;8.9;Points;3.15;6.2;0.5;FG%;1.8;3PT Made;1.95;2.55;0.7725;FT%;1.45;OREB;3.35;DREB;4.8;TREB;2.95;AST;0.8;STL;0.45;BLK;1.8;TO;2.85;PF;1.623809524
Dorian Finney-Smith;BRK;31;PF;NO;NO;28.9;9.15;Points;3.25;7.2;0.4505;FG%;5.1;3PT Made;0.55;0.85;0.6695;FT%;1.35;OREB;2.75;DREB;4.1;TREB;1.5;AST;0.9;STL;0.45;BLK;0.9;TO;2.3;PF;1.666666667
Oshae Brissett;PHI;26;SF;NO;NO;23.7;8.7;Points;3.2;6.5;0.487;FG%;3;3PT Made;1.3;2.3;0.571;FT%;1.2;OREB;2.5;DREB;3.7;TREB;0.7;AST;0.7;STL;0.5;BLK;1.3;TO;2.3;PF;0.538461538
Kentavious Caldwell-Pope;ORL;31;SG;NO;NO;29.6;8.7;Points;3.1;7.1;0.439;FG%;4.3;3PT Made;1.1;1.2;0.863;FT%;0.4;OREB;1.8;DREB;2.2;TREB;1.8;AST;1.3;STL;0.4;BLK;0.8;TO;1.8;PF;2.25
Isaiah Collier;UTA;20;PG;NO;NO;25.9;8.7;Points;3.3;7.8;0.422;FG%;2.4;3PT Made;1.5;2.2;0.682;FT%;0.5;OREB;2.9;DREB;3.3;TREB;6.3;AST;0.9;STL;0.2;BLK;2.9;TO;2.1;PF;2.172413793
Dante Exum;DAL;29;PG;NO;NO;18.6;8.7;Points;3.2;6.7;0.478;FG%;2.7;3PT Made;1.2;1.6;0.742;FT%;0.2;OREB;1.5;DREB;1.7;TREB;2.8;AST;0.6;STL;0.2;BLK;1.1;TO;1.7;PF;2.545454545
Kyshawn George;WAS;21;SG;NO;NO;26.5;8.7;Points;3;8;0.372;FG%;5.2;3PT Made;1;1.4;0.753;FT%;0.7;OREB;3.5;DREB;4.2;TREB;2.5;AST;1;STL;0.7;BLK;1.4;TO;3;PF;1.785714286
Jaden Hardy;DAL;22;SG;NO;NO;15.9;8.7;Points;3.2;7.3;0.435;FG%;3.5;3PT Made;1.1;1.5;0.698;FT%;0.2;OREB;1.4;DREB;1.6;TREB;1.4;AST;0.5;STL;0.1;BLK;1.4;TO;1.6;PF;1
Dereck Lively II;DAL;20;C;NO;NO;23.1;8.7;Points;3.7;5.3;0.702;FG%;0;3PT Made;1.3;2;0.63;FT%;2.9;OREB;4.6;DREB;7.5;TREB;2.4;AST;0.6;STL;1.6;BLK;1.1;TO;2.8;PF;2.181818182
Tyrese Martin;BRK;25;SG;NO;NO;21.9;8.7;Points;3.2;7.8;0.406;FG%;4.7;3PT Made;0.8;1;0.793;FT%;1;OREB;2.7;DREB;3.7;TREB;2;AST;0.6;STL;0.2;BLK;1.2;TO;1.3;PF;1.666666667
Matas Buzelis;CHI;20;SF;NO;NO;18.9;8.6;Points;3.2;6.9;0.454;FG%;3.3;3PT Made;1.1;1.4;0.815;FT%;0.7;OREB;2.8;DREB;3.5;TREB;1;AST;0.4;STL;0.9;BLK;0.9;TO;1.6;PF;1.111111111
Jaime Jaquez Jr.;MIA;23;SF;NO;NO;20.7;8.6;Points;3.2;7;0.461;FG%;1.8;3PT Made;1.6;2.2;0.754;FT%;1.3;OREB;3.1;DREB;4.4;TREB;2.5;AST;0.9;STL;0.2;BLK;1.5;TO;1.2;PF;1.666666667
Ja'Kobe Walter;TOR;20;SG;NO;NO;21.2;8.6;Points;3.1;7.6;0.405;FG%;3.6;3PT Made;1.3;1.6;0.795;FT%;1.1;OREB;1.9;DREB;3.1;TREB;1.6;AST;0.8;STL;0.2;BLK;1;TO;1.8;PF;1.6
Sam Hauser;BOS;27;PF;NO;NO;21.7;8.5;Points;3;6.7;0.451;FG%;5.6;3PT Made;0.2;0.2;1;FT%;0.6;OREB;2.5;DREB;3.2;TREB;0.9;AST;0.6;STL;0.2;BLK;0.3;TO;1.2;PF;3
Larry Nance Jr.;ATL;32;PF;NO;NO;19.3;8.5;Points;3.3;6.5;0.516;FG%;3.2;3PT Made;0.4;0.5;0.692;FT%;1;OREB;3.3;DREB;4.3;TREB;1.6;AST;0.8;STL;0.5;BLK;0.7;TO;1.5;PF;2.285714286
Jared Rhoden;CHO;25;SG;NO;NO;12.25;6.2;Points;2.25;4.95;0.378;FG%;2.1;3PT Made;1.1;1.25;0.88;FT%;0.85;OREB;1.55;DREB;2.4;TREB;0.95;AST;0.6;STL;0.1;BLK;0.55;TO;1.1;PF;1.708333333
Jaylen Nowell;NOP;25;SG;NO;NO;21;8.4;Points;3.3;9.1;0.356;FG%;3.4;3PT Made;0.9;1.4;0.636;FT%;0.8;OREB;1.8;DREB;2.5;TREB;2.3;AST;0.1;STL;0.5;BLK;1;TO;1.1;PF;2.3
Cason Wallace;OKC;21;SG;NO;NO;27.6;8.4;Points;3.4;7.2;0.474;FG%;3.1;3PT Made;0.4;0.5;0.811;FT%;1;OREB;2.3;DREB;3.4;TREB;2.5;AST;1.8;STL;0.5;BLK;0.9;TO;2.1;PF;2.777777778
Bruce Brown;NOP;28;PG;NO;NO;22.15;8.3;Points;3.2;7.5;0.4225;FG%;2;3PT Made;1.3;1.6;0.8235;FT%;0.95;OREB;3;DREB;4;TREB;2;AST;0.8;STL;0.25;BLK;1;TO;1.7;PF;2.060606061
Dalano Banton;POR;25;PG;NO;NO;16.7;8.3;Points;3;7.6;0.391;FG%;3.3;3PT Made;1.4;1.9;0.728;FT%;0.4;OREB;1.6;DREB;2;TREB;2.4;AST;0.6;STL;0.5;BLK;1.3;TO;0.9;PF;1.846153846
Brandon Clarke;MEM;28;PF;NO;NO;18.9;8.3;Points;3.7;5.9;0.621;FG%;0.3;3PT Made;1;1.4;0.701;FT%;2;OREB;3.1;DREB;5.1;TREB;1;AST;0.8;STL;0.6;BLK;0.6;TO;2.3;PF;1.666666667
Keon Ellis;SAC;25;SG;NO;NO;24.4;8.3;Points;2.8;5.8;0.489;FG%;4;3PT Made;0.9;1.1;0.849;FT%;0.8;OREB;1.9;DREB;2.7;TREB;1.5;AST;1.5;STL;0.8;BLK;0.9;TO;2.2;PF;1.666666667
Brandon Williams;DAL;25;PG;NO;NO;14.8;8.3;Points;3;5.7;0.521;FG%;1.8;3PT Made;1.7;2;0.833;FT%;0.4;OREB;1.4;DREB;1.8;TREB;2.3;AST;0.7;STL;0.2;BLK;1.2;TO;1;PF;1.916666667
Mike Conley;MIN;37;PG;NO;NO;24.7;8.2;Points;2.6;6.6;0.4;FG%;4.4;3PT Made;1.1;1.3;0.9;FT%;0.5;OREB;2.1;DREB;2.6;TREB;4.5;AST;1.1;STL;0.2;BLK;1.1;TO;1.6;PF;4.090909091
Taurean Prince;MIL;30;SF;NO;NO;27.1;8.2;Points;2.9;6.4;0.457;FG%;4.2;3PT Made;0.5;0.6;0.813;FT%;0.4;OREB;3.2;DREB;3.6;TREB;1.9;AST;1;STL;0.2;BLK;1;TO;2.1;PF;1.9
Jalen Smith;CHI;24;C;NO;NO;15;8.2;Points;3;6.4;0.466;FG%;3.5;3PT Made;1.1;1.4;0.809;FT%;1.4;OREB;4.2;DREB;5.6;TREB;1;AST;0.3;STL;0.7;BLK;0.6;TO;1.5;PF;1.666666667
Quinten Post;GSW;24;PF;NO;NO;16.3;8.1;Points;2.9;6.5;0.449;FG%;4.3;3PT Made;0.5;0.6;0.778;FT%;0.8;OREB;2.7;DREB;3.5;TREB;1.3;AST;0.4;STL;0.4;BLK;0.8;TO;2;PF;1.625
Peyton Watson;DEN;22;SF;NO;NO;24.4;8.1;Points;3;6.3;0.477;FG%;2;3PT Made;1.4;2;0.693;FT%;0.7;OREB;2.7;DREB;3.4;TREB;1.4;AST;0.7;STL;1.4;BLK;0.8;TO;1.8;PF;1.75
Davion Mitchell;MIA;26;PG;NO;NO;28.05;8.3;Points;3.15;6.6;0.469;FG%;2.9;3PT Made;0.85;1.2;0.689;FT%;0.5;OREB;1.85;DREB;2.3;TREB;4.95;AST;1.05;STL;0.25;BLK;1.75;TO;2.45;PF;2.836601307
Caleb Martin;DAL;29;SF;NO;NO;25;7.25;Points;2.65;6.3;0.412;FG%;1.95;3PT Made;1.3;2.05;0.6235;FT%;1.05;OREB;2.6;DREB;3.65;TREB;2.05;AST;1;STL;0.4;BLK;1.15;TO;1.85;PF;1.841269841
Tyson Etienne;BRK;25;PG;NO;NO;21.6;7.9;Points;2.4;7.4;0.327;FG%;6.3;3PT Made;1.1;1.4;0.8;FT%;0.4;OREB;0.9;DREB;1.3;TREB;1.7;AST;0.4;STL;0.1;BLK;1.1;TO;2.4;PF;1.545454545
Day'Ron Sharpe;BRK;23;C;NO;NO;18.1;7.9;Points;3.3;6.3;0.521;FG%;0.9;3PT Made;1.1;1.5;0.757;FT%;3;OREB;3.6;DREB;6.6;TREB;1.8;AST;0.8;STL;0.8;BLK;1.3;TO;2.3;PF;1.384615385
KJ Simpson;CHO;22;PG;NO;NO;23.4;7.8;Points;2.9;8.4;0.346;FG%;3.6;3PT Made;1.1;1.4;0.82;FT%;1.1;OREB;1.9;DREB;3;TREB;3.1;AST;0.9;STL;0.2;BLK;1.6;TO;1.6;PF;1.9375
Terance Mann;ATL;28;SG;NO;NO;21.25;7.9;Points;3.15;6.3;0.4935;FG%;2.45;3PT Made;0.7;1.05;0.693;FT%;1.05;OREB;1.95;DREB;3;TREB;1.85;AST;0.7;STL;0.2;BLK;0.7;TO;1.9;PF;2.642857143
Karlo Matkoviæ;NOP;23;PF;NO;NO;18.8;7.7;Points;3.2;5.6;0.574;FG%;1.6;3PT Made;0.8;1;0.773;FT%;1.5;OREB;3.5;DREB;5;TREB;1.1;AST;0.5;STL;1;BLK;1;TO;2.5;PF;1.1
AJ Johnson;MIL;20;SG;NO;NO;16.65;6;Points;2.25;5.75;0.401;FG%;2.3;3PT Made;0.75;0.95;0.693;FT%;0.2;OREB;1.5;DREB;1.7;TREB;2.05;AST;0.3;STL;0.05;BLK;1;TO;1.15;PF;1.94047619
Lonzo Ball;CHI;27;PG;NO;NO;22.2;7.6;Points;2.5;6.9;0.366;FG%;5.6;3PT Made;0.6;0.8;0.815;FT%;0.7;OREB;2.7;DREB;3.4;TREB;3.3;AST;1.3;STL;0.5;BLK;1.2;TO;1.6;PF;2.75
Oscar Tshiebwe;UTA;25;C;NO;NO;18.2;7.6;Points;3;5;0.6;FG%;0;3PT Made;1.6;2.2;0.742;FT%;3.3;OREB;5.4;DREB;8.7;TREB;0.6;AST;0.9;STL;0.1;BLK;0.7;TO;1.7;PF;0.857142857
Garrison Mathews;ATL;28;SG;NO;NO;17.7;7.5;Points;2.2;5.5;0.397;FG%;4.6;3PT Made;1.4;1.7;0.821;FT%;0.3;OREB;1.6;DREB;1.9;TREB;1.3;AST;0.6;STL;0.3;BLK;0.7;TO;1.7;PF;1.857142857
Matisse Thybulle;POR;27;SG;NO;NO;20.8;7.5;Points;2.8;5.9;0.477;FG%;3.2;3PT Made;0.5;1;0.467;FT%;0.9;OREB;2.5;DREB;3.5;TREB;1.9;AST;2.2;STL;0.6;BLK;0.9;TO;0.9;PF;2.111111111
A.J. Green;MIL;25;SG;NO;NO;22.7;7.4;Points;2.5;5.8;0.429;FG%;5;3PT Made;0.3;0.4;0.815;FT%;0.2;OREB;2.1;DREB;2.4;TREB;1.5;AST;0.5;STL;0.1;BLK;0.5;TO;2.2;PF;3
Josh Green;CHO;24;SG;NO;NO;27.8;7.4;Points;2.6;6.2;0.428;FG%;3.6;3PT Made;0.7;1.1;0.681;FT%;0.8;OREB;1.7;DREB;2.5;TREB;1.6;AST;1.1;STL;0.2;BLK;1;TO;2.4;PF;1.6
Richaun Holmes;WAS;31;PF;NO;NO;17.2;7.4;Points;2.9;4.5;0.647;FG%;0.1;3PT Made;1.6;1.9;0.833;FT%;2;OREB;3.7;DREB;5.7;TREB;1.4;AST;0.3;STL;0.7;BLK;0.7;TO;1.6;PF;2
Damion Baugh;CHO;24;SG;NO;NO;24.7;7.3;Points;2.8;8.7;0.323;FG%;3.7;3PT Made;0.9;1;0.867;FT%;0.9;OREB;2.4;DREB;3.3;TREB;3.7;AST;1;STL;0.1;BLK;2.1;TO;1.5;PF;1.761904762
Alec Burks;MIA;33;SG;NO;NO;17.6;7.3;Points;2.3;5.5;0.424;FG%;4.2;3PT Made;0.8;1;0.776;FT%;0.3;OREB;2.2;DREB;2.5;TREB;1.1;AST;0.6;STL;0.1;BLK;0.6;TO;0.8;PF;1.833333333
Ricky Council IV;PHI;23;SF;NO;NO;17.1;7.3;Points;2.4;6.3;0.382;FG%;2.9;3PT Made;1.7;2.1;0.804;FT%;0.7;OREB;2.2;DREB;2.9;TREB;1.3;AST;0.4;STL;0.2;BLK;0.7;TO;0.9;PF;1.857142857
Andre Drummond;PHI;31;C;NO;NO;18.8;7.3;Points;2.9;5.9;0.5;FG%;0.5;3PT Made;1.4;2.3;0.622;FT%;2.7;OREB;5;DREB;7.8;TREB;0.9;AST;1;STL;0.5;BLK;1.4;TO;2.4;PF;0.642857143
Tre Jones;CHI;25;PG;NO;NO;20.7;7.95;Points;3.1;5.7;0.528;FG%;1.05;3PT Made;1.3;1.55;0.82;FT%;0.7;OREB;1.9;DREB;2.65;TREB;4.3;AST;0.85;STL;0.25;BLK;0.8;TO;1.2;PF;5.375
Goga Bitadze;ORL;25;C;NO;NO;20.4;7.2;Points;3;4.8;0.611;FG%;0.4;3PT Made;1.2;1.9;0.639;FT%;2.4;OREB;4.2;DREB;6.6;TREB;2;AST;0.7;STL;1.4;BLK;1;TO;2.1;PF;2
Tristan Da Silva;ORL;23;SF;NO;NO;22;7.2;Points;2.7;6.5;0.412;FG%;3.2;3PT Made;0.7;0.9;0.873;FT%;1;OREB;2.3;DREB;3.3;TREB;1.5;AST;0.4;STL;0.2;BLK;0.8;TO;1.3;PF;1.875
GG Jackson II;MEM;20;PF;NO;NO;15.8;7.2;Points;2.6;6.9;0.372;FG%;3.3;3PT Made;1;1.4;0.725;FT%;0.9;OREB;2.2;DREB;3.2;TREB;1;AST;0.4;STL;0.2;BLK;1.1;TO;1;PF;0.909090909
Vit Krejci;ATL;24;PG;NO;NO;20.2;7.2;Points;2.5;5.1;0.497;FG%;3.6;3PT Made;0.6;0.8;0.711;FT%;0.4;OREB;2.4;DREB;2.7;TREB;2.6;AST;0.6;STL;0.5;BLK;0.9;TO;1.8;PF;2.888888889
Sam Merrill;CLE;28;SG;NO;NO;19.7;7.2;Points;2.4;6;0.406;FG%;5.2;3PT Made;0.4;0.4;0.966;FT%;0.5;OREB;1.7;DREB;2.2;TREB;1.5;AST;0.7;STL;0.2;BLK;0.5;TO;1.7;PF;3
Daeqwon Plowden;ATL;26;SG;NO;NO;12;7.2;Points;2.7;4.2;0.64;FG%;2.8;3PT Made;0.3;0.3;1;FT%;0.7;OREB;1.2;DREB;1.8;TREB;0.3;AST;0;STL;0;BLK;0.7;TO;1.7;PF;0.428571429
Nae'Qwan Tomlin;CLE;24;PF;NO;NO;12.6;7.2;Points;2.6;6.4;0.406;FG%;2;3PT Made;1.6;2.2;0.727;FT%;1.8;OREB;2.4;DREB;4.2;TREB;0.4;AST;0;STL;0.2;BLK;0.4;TO;1.8;PF;1
Josh Okogie;CHO;26;SG;NO;NO;16.15;7.45;Points;2.35;5.55;0.4395;FG%;2.5;3PT Made;1.8;2.4;0.731;FT%;1.1;OREB;1.75;DREB;2.8;TREB;0.95;AST;1.3;STL;0.45;BLK;0.8;TO;1.2;PF;1.15
Jalen Hood-Schifino;LAL;21;SG;NO;NO;15.1;4.9;Points;1.65;4;0.6855;FG%;1.75;3PT Made;1.1;1.25;0.921;FT%;0.35;OREB;0.9;DREB;1.25;TREB;1.65;AST;0.2;STL;0.5;BLK;0.9;TO;1.6;PF;1.576923077
Jamison Battle;TOR;23;SF;NO;NO;17.7;7.1;Points;2.5;5.9;0.429;FG%;4.4;3PT Made;0.3;0.3;0.889;FT%;0.6;OREB;2.1;DREB;2.7;TREB;0.9;AST;0.3;STL;0.2;BLK;0.5;TO;1.6;PF;1.8
Alex Caruso;OKC;30;SG;NO;NO;19.3;7.1;Points;2.6;5.8;0.446;FG%;3.1;3PT Made;0.8;0.9;0.824;FT%;0.7;OREB;2.2;DREB;2.9;TREB;2.5;AST;1.6;STL;0.6;BLK;0.7;TO;1.9;PF;3.571428571
Jamal Shead;TOR;22;PG;NO;NO;19.6;7.1;Points;2.7;6.7;0.405;FG%;3;3PT Made;0.7;0.9;0.768;FT%;0.4;OREB;1.1;DREB;1.5;TREB;4.2;AST;0.8;STL;0.1;BLK;1.6;TO;2.1;PF;2.625
Jeff Dowtin Jr.;PHI;27;PG;NO;NO;15.1;7;Points;2.7;5.6;0.487;FG%;1.7;3PT Made;0.8;1.1;0.733;FT%;0.3;OREB;1.2;DREB;1.5;TREB;1.9;AST;0.6;STL;0.3;BLK;0.4;TO;0.7;PF;4.75
Marcus Garrett;CHO;26;SG;NO;NO;19.8;7;Points;2.8;6.8;0.407;FG%;2;3PT Made;0.8;1;0.75;FT%;0.3;OREB;1.3;DREB;1.5;TREB;3.3;AST;0.8;STL;0.5;BLK;1.5;TO;2.5;PF;2.2
Isaiah Jackson;IND;23;C;NO;NO;16.8;7;Points;2.8;4.6;0.609;FG%;0;3PT Made;1.4;2.8;0.5;FT%;2.2;OREB;3.4;DREB;5.6;TREB;1;AST;0.6;STL;1.6;BLK;1;TO;2.8;PF;1
Jaylen Sims;CHO;26;SG;NO;NO;18.7;7;Points;2;4.7;0.429;FG%;2.5;3PT Made;2;2.5;0.8;FT%;0.5;OREB;0.5;DREB;1;TREB;2;AST;0.5;STL;0.2;BLK;1.3;TO;1.7;PF;1.538461538
Orlando Robinson;SAC;24;C;NO;NO;13.35;5.1;Points;1.95;4.45;0.4295;FG%;0.95;3PT Made;0.9;1.3;0.6825;FT%;1.4;OREB;2.3;DREB;3.75;TREB;1.45;AST;0.35;STL;0.25;BLK;0.85;TO;1.7;PF;1.980769231
Jake LaRavia;MEM;23;PF;NO;NO;20.1;6.7;Points;2.35;5.1;0.464;FG%;2.3;3PT Made;1;1.5;0.6385;FT%;1.3;OREB;2.25;DREB;3.6;TREB;2.05;AST;0.9;STL;0.3;BLK;1.2;TO;2.05;PF;1.655555556
Ryan Dunn;PHO;22;SF;NO;NO;19.1;6.9;Points;2.8;6.4;0.43;FG%;3.6;3PT Made;0.3;0.5;0.487;FT%;1.2;OREB;2.4;DREB;3.6;TREB;0.8;AST;0.6;STL;0.5;BLK;0.5;TO;2.2;PF;1.6
Jay Huff;MEM;26;C;NO;NO;11.7;6.9;Points;2.5;4.8;0.515;FG%;3.1;3PT Made;0.7;0.9;0.786;FT%;0.5;OREB;1.5;DREB;2;TREB;0.6;AST;0.3;STL;0.9;BLK;0.5;TO;1.2;PF;1.2
Cameron Payne;NYK;30;PG;NO;NO;15.1;6.9;Points;2.5;6.2;0.401;FG%;3.6;3PT Made;0.7;0.8;0.907;FT%;0.2;OREB;1.3;DREB;1.4;TREB;2.8;AST;0.5;STL;0.2;BLK;0.7;TO;1.5;PF;4
Antonio Reeves;NOP;24;SG;NO;NO;15;6.9;Points;2.6;5.6;0.456;FG%;2.9;3PT Made;0.6;0.8;0.8;FT%;0.4;OREB;1;DREB;1.4;TREB;0.9;AST;0.5;STL;0.1;BLK;0.7;TO;0.9;PF;1.285714286
Cody Martin;CHO;29;SF;NO;NO;19.75;5.75;Points;2.2;5.5;0.392;FG%;2.55;3PT Made;0.75;1.1;0.722;FT%;0.95;OREB;3;DREB;3.95;TREB;1.7;AST;1;STL;0.55;BLK;0.85;TO;1.7;PF;1.962121212
Bol Bol;PHO;25;PF;NO;NO;12.4;6.8;Points;2.7;5.1;0.525;FG%;2.6;3PT Made;0.6;0.7;0.769;FT%;0.6;OREB;2.3;DREB;2.9;TREB;0.6;AST;0.3;STL;0.7;BLK;0.6;TO;0.6;PF;1
Eric Gordon;PHI;36;SG;NO;NO;19.7;6.8;Points;2.2;5.2;0.426;FG%;3.5;3PT Made;0.9;1.2;0.75;FT%;0.2;OREB;1;DREB;1.2;TREB;1.7;AST;0.7;STL;0.3;BLK;0.7;TO;0.8;PF;2.428571429
Jaxson Hayes;LAL;24;C;NO;NO;19.5;6.8;Points;2.9;4;0.722;FG%;0.1;3PT Made;1.1;1.8;0.622;FT%;1.4;OREB;3.4;DREB;4.8;TREB;1;AST;0.6;STL;0.9;BLK;0.8;TO;2.4;PF;1.25
Marcus Bagley;PHI;23;SF;NO;NO;25.3;6.7;Points;2.7;6.9;0.391;FG%;3.2;3PT Made;0.8;1;0.8;FT%;2.3;OREB;4.7;DREB;7;TREB;1;AST;0.9;STL;1.2;BLK;0.7;TO;1.6;PF;1.428571429
DaQuan Jeffries;CHO;27;SG;NO;NO;22.8;6.7;Points;2.5;6.2;0.405;FG%;3.5;3PT Made;0.5;0.6;0.8;FT%;0.8;OREB;2.1;DREB;2.9;TREB;1.1;AST;0.6;STL;0.5;BLK;0.7;TO;2.1;PF;1.571428571
Lester Qui?ones;NOP;24;SG;NO;NO;11.35;5.45;Points;2;4.9;0.443;FG%;2.7;3PT Made;0.7;0.8;0.9165;FT%;0.45;OREB;0.95;DREB;1.35;TREB;1.45;AST;0.15;STL;0.1;BLK;1.05;TO;1;PF;1.331818182
Vasilije Miciæ;CHO;31;PG;NO;NO;12.7;3.75;Points;1.3;3.8;0.348;FG%;1.75;3PT Made;0.45;0.55;0.829;FT%;0.3;OREB;1.15;DREB;1.4;TREB;1.85;AST;0.2;STL;0;BLK;1.35;TO;0.7;PF;1
Precious Achiuwa;NYK;25;C;NO;NO;20.5;6.6;Points;2.9;5.7;0.502;FG%;0.6;3PT Made;0.7;1.2;0.594;FT%;1.8;OREB;3.8;DREB;5.6;TREB;1;AST;0.8;STL;0.7;BLK;0.8;TO;1.4;PF;1.25
Trayce Jackson-Davis;GSW;24;C;NO;NO;15.6;6.6;Points;2.8;4.9;0.576;FG%;0;3PT Made;1;1.6;0.578;FT%;2;OREB;3;DREB;5;TREB;1.7;AST;0.4;STL;0.6;BLK;0.7;TO;1.2;PF;2.428571429
Marcus Sasser;DET;24;PG;NO;NO;14.2;6.6;Points;2.4;5.2;0.463;FG%;2.7;3PT Made;0.8;0.9;0.843;FT%;0.3;OREB;0.9;DREB;1.2;TREB;2.3;AST;0.6;STL;0.1;BLK;0.9;TO;1.3;PF;2.555555556
Vince Williams Jr.;MEM;24;SG;NO;NO;18.5;6.6;Points;2.5;6.2;0.401;FG%;3.5;3PT Made;0.7;0.9;0.792;FT%;0.8;OREB;2.8;DREB;3.6;TREB;2;AST;0.4;STL;0.3;BLK;1.2;TO;1.7;PF;1.666666667
Thomas Bryant;IND;27;C;NO;NO;13.3;5.5;Points;1.95;4;0.472;FG%;2;3PT Made;0.95;1;0.915;FT%;1;OREB;2.55;DREB;3.55;TREB;0.65;AST;0.3;STL;0.75;BLK;0.35;TO;1.05;PF;1.9
Donovan Clingan;POR;20;C;NO;NO;19.8;6.5;Points;2.7;5;0.539;FG%;0.7;3PT Made;0.9;1.6;0.596;FT%;3.2;OREB;4.6;DREB;7.9;TREB;1.1;AST;0.5;STL;1.6;BLK;1.1;TO;2.8;PF;1
Seth Curry;CHO;34;SG;NO;NO;15.6;6.5;Points;2.4;5;0.478;FG%;2.7;3PT Made;0.5;0.6;0.846;FT%;0.4;OREB;1.3;DREB;1.7;TREB;0.9;AST;0.4;STL;0.1;BLK;0.5;TO;0.9;PF;1.8
Haywood Highsmith;MIA;28;SF;NO;NO;24.6;6.5;Points;2.4;5.3;0.458;FG%;3.1;3PT Made;0.4;0.6;0.721;FT%;1;OREB;2.4;DREB;3.4;TREB;1.5;AST;0.9;STL;0.5;BLK;0.7;TO;2.2;PF;2.142857143
Talen Horton-Tucker;CHI;24;SG;NO;NO;12.5;6.5;Points;2.3;5;0.457;FG%;2.1;3PT Made;1.2;1.7;0.735;FT%;0.3;OREB;1.4;DREB;1.7;TREB;1.4;AST;0.4;STL;0.2;BLK;0.7;TO;1;PF;2
Trey Lyles;SAC;29;PF;NO;NO;19.6;6.5;Points;2.3;5.4;0.42;FG%;3.4;3PT Made;0.8;1.2;0.7;FT%;1.2;OREB;3.4;DREB;4.6;TREB;1.2;AST;0.6;STL;0.3;BLK;0.6;TO;1.2;PF;2
Ajay Mitchell;OKC;22;SG;NO;NO;16.6;6.5;Points;2.5;5.1;0.495;FG%;1.7;3PT Made;0.8;1;0.829;FT%;0.5;OREB;1.4;DREB;1.9;TREB;1.8;AST;0.7;STL;0.1;BLK;0.8;TO;1.9;PF;2.25
Gary Payton II;GSW;32;SG;NO;NO;15;6.5;Points;2.8;4.8;0.574;FG%;1.5;3PT Made;0.4;0.6;0.711;FT%;0.9;OREB;2.1;DREB;3;TREB;1.3;AST;0.8;STL;0.3;BLK;0.6;TO;1.7;PF;2.166666667
Zach Collins;CHI;27;C;NO;NO;15.75;6.6;Points;2.5;4.9;0.5015;FG%;1.7;3PT Made;1.15;1.25;0.885;FT%;1.7;OREB;3.1;DREB;4.75;TREB;1.75;AST;0.45;STL;0.45;BLK;0.95;TO;2.05;PF;1.974358974
Kris Dunn;LAC;30;PG;NO;NO;24.1;6.4;Points;2.6;5.9;0.439;FG%;3;3PT Made;0.2;0.3;0.682;FT%;0.7;OREB;2.7;DREB;3.4;TREB;2.8;AST;1.7;STL;0.4;BLK;1;TO;2.7;PF;2.8
Ron Holland;DET;19;SF;NO;NO;15.6;6.4;Points;2.4;5.1;0.474;FG%;1.9;3PT Made;1.1;1.5;0.754;FT%;0.5;OREB;2.2;DREB;2.7;TREB;1;AST;0.6;STL;0.2;BLK;0.9;TO;1.7;PF;1.111111111
KJ Martin;PHI;24;PF;NO;NO;21.35;6.35;Points;2.55;4.75;0.553;FG%;1.4;3PT Made;0.85;1.05;0.775;FT%;0.7;OREB;2.2;DREB;2.9;TREB;1.15;AST;0.4;STL;0.5;BLK;0.55;TO;2.35;PF;2.05
Gabe Vincent;LAL;28;PG;NO;NO;21.2;6.4;Points;2.3;5.8;0.4;FG%;4.3;3PT Made;0.2;0.3;0.714;FT%;0.3;OREB;1;DREB;1.3;TREB;1.4;AST;0.7;STL;0.2;BLK;0.6;TO;2.1;PF;2.333333333
Sandro Mamukelashvili;SAS;25;PF;NO;NO;11.2;6.3;Points;2.3;4.6;0.502;FG%;2.6;3PT Made;0.7;1;0.741;FT%;1;OREB;2;DREB;3.1;TREB;0.8;AST;0.4;STL;0.3;BLK;0.4;TO;1;PF;2
Jeremiah Robinson-Earl;NOP;24;PF;NO;NO;18.8;6.3;Points;2.4;5.3;0.455;FG%;2.5;3PT Made;0.7;0.8;0.836;FT%;1.7;OREB;3.1;DREB;4.8;TREB;1.3;AST;0.6;STL;0.1;BLK;0.8;TO;1.2;PF;1.625
Kenrich Williams;OKC;30;PF;NO;NO;16.4;6.3;Points;2.5;5.1;0.483;FG%;2.5;3PT Made;0.4;0.6;0.718;FT%;0.9;OREB;2.6;DREB;3.5;TREB;1.4;AST;0.6;STL;0.1;BLK;0.6;TO;1.6;PF;2.333333333
Bones Hyland;LAC;24;PG;NO;NO;7.7;4.25;Points;1.4;3.3;0.529;FG%;2.25;3PT Made;0.6;0.65;0.885;FT%;0.15;OREB;0.65;DREB;0.75;TREB;1.2;AST;0.45;STL;0.1;BLK;0.75;TO;1.05;PF;2.25
Jonathan Mogbo;TOR;23;PF;NO;NO;20.4;6.2;Points;2.5;5.7;0.438;FG%;1.1;3PT Made;1;1.3;0.732;FT%;1.7;OREB;3.2;DREB;4.9;TREB;2.3;AST;0.9;STL;0.5;BLK;1.1;TO;2.2;PF;2.090909091
Ryan Rollins;MIL;22;PG;NO;NO;14.6;6.2;Points;2.4;4.8;0.487;FG%;2.1;3PT Made;0.6;0.8;0.8;FT%;0.4;OREB;1.6;DREB;1.9;TREB;1.9;AST;0.8;STL;0.3;BLK;0.9;TO;1.6;PF;2.111111111
Dru Smith;MIA;27;SG;NO;NO;19.1;6.2;Points;2.2;4.4;0.508;FG%;2.1;3PT Made;0.6;0.9;0.75;FT%;0.9;OREB;1.7;DREB;2.6;TREB;1.6;AST;1.5;STL;0.4;BLK;1.2;TO;2.1;PF;1.333333333
Isaac Okoro;CLE;24;SG;NO;NO;19.1;6.1;Points;2.3;4.9;0.464;FG%;2.7;3PT Made;0.6;0.8;0.717;FT%;0.9;OREB;1.5;DREB;2.4;TREB;1.2;AST;0.6;STL;0.3;BLK;0.4;TO;1.9;PF;3
Jarace Walker;IND;21;PF;NO;NO;15.8;6.1;Points;2.3;4.8;0.472;FG%;2.5;3PT Made;0.6;0.9;0.667;FT%;0.3;OREB;2.7;DREB;3.1;TREB;1.5;AST;0.7;STL;0.3;BLK;1;TO;1.5;PF;1.5
N'Faly Dante;HOU;23;C;NO;NO;12.8;6;Points;2.5;3.3;0.769;FG%;0;3PT Made;1;1.3;0.8;FT%;1.5;OREB;3.8;DREB;5.3;TREB;0.5;AST;0.3;STL;1.3;BLK;0.5;TO;2.3;PF;1
Mouhamed Gueye;ATL;22;PF;NO;NO;16.2;6;Points;2.2;5.2;0.421;FG%;2.5;3PT Made;1;1.3;0.762;FT%;1.3;OREB;2.9;DREB;4.2;TREB;0.8;AST;0.8;STL;1;BLK;0.5;TO;1.7;PF;1.6
Luke Kornet;BOS;29;C;NO;NO;18.6;6;Points;2.6;3.8;0.668;FG%;0;3PT Made;0.9;1.3;0.691;FT%;2.6;OREB;2.7;DREB;5.3;TREB;1.6;AST;0.5;STL;1;BLK;0.4;TO;1.6;PF;4
Isaiah Mobley;PHI;25;PF;NO;NO;17;6;Points;2;7;0.286;FG%;3;3PT Made;1;2;0.5;FT%;1;OREB;3;DREB;4;TREB;5;AST;1;STL;1;BLK;0;TO;3;PF;1.7977E+308
Isaiah Stewart;DET;23;C;NO;NO;19.9;6;Points;2.4;4.4;0.559;FG%;0.7;3PT Made;0.9;1.2;0.759;FT%;1.8;OREB;3.7;DREB;5.5;TREB;1.7;AST;0.4;STL;1.4;BLK;0.9;TO;2.5;PF;1.888888889
James Wiseman;IND;23;C;NO;NO;5;6;Points;2;4;0.5;FG%;1;3PT Made;2;2;1;FT%;0;OREB;1;DREB;1;TREB;0;AST;0;STL;0;BLK;0;TO;0;PF;2.6965E+308
Isaiah Wong;CHO;24;SG;NO;NO;13.3;6;Points;2.1;5.3;0.39;FG%;1.7;3PT Made;1.3;1.7;0.735;FT%;0.7;OREB;0.9;DREB;1.6;TREB;1.4;AST;0.6;STL;0;BLK;0.9;TO;1.1;PF;1.555555556
Cole Swider;DET;25;SF;NO;NO;13;3.7;Points;1.4;4.9;0.1895;FG%;3.9;3PT Made;0;0.05;0;FT%;0.3;OREB;1.75;DREB;2.05;TREB;0.4;AST;0.25;STL;0.15;BLK;0.25;TO;0.95;PF;2.6965E+308
Chuma Okeke;CLE;26;PF;NO;NO;18.45;4.7;Points;1.8;4.1;0.4155;FG%;3.05;3PT Made;0.15;0.2;0.667;FT%;1.7;OREB;2.4;DREB;4.05;TREB;1.45;AST;0.35;STL;0.45;BLK;0.2;TO;0.35;PF;1.7977E+308
Kyle Anderson;GSW;31;PF;NO;NO;16.7;6;Points;2.35;5.05;0.4715;FG%;1.05;3PT Made;0.85;1.15;0.728;FT%;0.9;OREB;2.55;DREB;3.45;TREB;2.45;AST;0.65;STL;0.55;BLK;0.65;TO;1.35;PF;3.773809524
Simone Fontecchio;DET;29;SF;NO;NO;16.5;5.9;Points;2;5;0.402;FG%;3;3PT Made;0.9;1.1;0.833;FT%;0.7;OREB;2.2;DREB;2.9;TREB;0.9;AST;0.4;STL;0.2;BLK;0.7;TO;1.3;PF;1.285714286
Collin Gillespie;PHO;25;PG;NO;NO;14;5.9;Points;2.1;4.8;0.43;FG%;2.7;3PT Made;0.6;0.7;0.864;FT%;0.7;OREB;1.7;DREB;2.4;TREB;2.4;AST;0.6;STL;0.2;BLK;0.5;TO;0.9;PF;4.8
Tidjane Salaün;CHO;19;PF;NO;NO;20.7;5.9;Points;1.9;5.8;0.33;FG%;3.4;3PT Made;1.1;1.6;0.713;FT%;1.2;OREB;3.5;DREB;4.7;TREB;1.2;AST;0.5;STL;0.2;BLK;1;TO;1.4;PF;1.2
Jaylin Williams;OKC;22;PF;NO;NO;16.7;5.9;Points;2.1;4.7;0.439;FG%;3.3;3PT Made;0.5;0.6;0.767;FT%;1;OREB;4.6;DREB;5.6;TREB;2.6;AST;0.5;STL;0.6;BLK;0.7;TO;1.7;PF;3.714285714
Moses Brown;DAL;25;C;NO;NO;11.7;7.5;Points;3.35;4.75;0.687;FG%;0;3PT Made;0.8;1.05;0.7165;FT%;1.2;OREB;3.4;DREB;4.6;TREB;0.25;AST;0.6;STL;0.45;BLK;1;TO;1.75;PF;0.192307692
Adem Bona;PHI;21;C;NO;NO;15.6;5.8;Points;2.3;3.3;0.703;FG%;0;3PT Made;1.2;1.7;0.67;FT%;1.6;OREB;2.6;DREB;4.2;TREB;0.5;AST;0.4;STL;1.2;BLK;1.1;TO;2.2;PF;0.454545455
Quenton Jackson;IND;26;PG;NO;NO;13.6;5.8;Points;2.1;4.4;0.475;FG%;1.4;3PT Made;1.1;1.4;0.775;FT%;0.5;OREB;1.1;DREB;1.6;TREB;1.9;AST;0.8;STL;0.2;BLK;0.6;TO;1.5;PF;3.166666667
Robert Williams;POR;27;C;NO;NO;17.6;5.8;Points;2.5;3.9;0.641;FG%;0.2;3PT Made;0.8;0.9;0.882;FT%;1.8;OREB;4.2;DREB;5.9;TREB;1.1;AST;0.7;STL;1.7;BLK;0.9;TO;1.6;PF;1.222222222
Moussa Diabaté;CHO;23;C;NO;NO;17.5;5.7;Points;2.4;3.9;0.596;FG%;0.1;3PT Made;1;1.6;0.595;FT%;2.6;OREB;3.5;DREB;6.2;TREB;0.8;AST;0.6;STL;0.6;BLK;0.9;TO;1.5;PF;0.888888889
Dariq Whitehead;BRK;20;SF;NO;NO;12.3;5.7;Points;2;4.8;0.406;FG%;3.7;3PT Made;0.2;0.3;0.6;FT%;0.2;OREB;1.3;DREB;1.5;TREB;0.6;AST;0.3;STL;0.1;BLK;0.8;TO;1.1;PF;0.75
Landry Shamet;NYK;27;SG;NO;NO;15.2;5.7;Points;2.1;4.6;0.461;FG%;3.1;3PT Made;0.2;0.4;0.667;FT%;0.2;OREB;1;DREB;1.2;TREB;0.5;AST;0.5;STL;0;BLK;0.4;TO;1;PF;1.25
Jordan Goodwin;LAL;26;PG;NO;NO;18.7;5.6;Points;2.2;5;0.438;FG%;2.3;3PT Made;0.3;0.4;0.818;FT%;1.3;OREB;2.6;DREB;3.9;TREB;1.4;AST;1;STL;0.4;BLK;0.9;TO;1.5;PF;1.555555556
Shake Milton;BRK;28;SG;NO;NO;14.85;5.65;Points;2.05;4.5;0.449;FG%;1.9;3PT Made;0.8;1.05;0.802;FT%;0.55;OREB;1.3;DREB;1.85;TREB;1.85;AST;0.45;STL;0.05;BLK;0.7;TO;1.2;PF;2.642857143
Aaron Holiday;HOU;28;PG;NO;NO;12.8;5.5;Points;1.9;4.3;0.437;FG%;2.9;3PT Made;0.5;0.7;0.829;FT%;0.2;OREB;1;DREB;1.3;TREB;1.3;AST;0.3;STL;0.2;BLK;0.6;TO;1;PF;2.166666667
Jeff Green;HOU;38;PF;NO;NO;12.4;5.4;Points;1.9;3.8;0.504;FG%;2.5;3PT Made;0.7;0.8;0.808;FT%;0.3;OREB;1.5;DREB;1.8;TREB;0.6;AST;0.2;STL;0.1;BLK;0.3;TO;1;PF;2
Jonathan Isaac;ORL;27;PF;NO;NO;15.4;5.4;Points;1.9;4.6;0.414;FG%;2.1;3PT Made;1;1.5;0.682;FT%;1.7;OREB;2.7;DREB;4.4;TREB;0.6;AST;0.9;STL;1.1;BLK;0.5;TO;1.3;PF;1.2
Dean Wade;CLE;28;PF;NO;NO;21.2;5.4;Points;1.9;4.6;0.413;FG%;3.8;3PT Made;0.3;0.5;0.533;FT%;0.9;OREB;3.4;DREB;4.2;TREB;1.3;AST;0.7;STL;0.3;BLK;0.4;TO;1.7;PF;3.25
Keaton Wallace;ATL;25;PG;NO;NO;16.2;5.4;Points;2.1;5.2;0.401;FG%;2.6;3PT Made;0.4;0.4;1;FT%;0.2;OREB;1.4;DREB;1.6;TREB;2.6;AST;0.9;STL;0.3;BLK;1.1;TO;1.3;PF;2.363636364
Kobe Bufkin;ATL;21;SG;NO;NO;12.4;5.3;Points;1.8;4.7;0.383;FG%;1.9;3PT Made;1.3;1.8;0.722;FT%;0.5;OREB;1.6;DREB;2.1;TREB;1.7;AST;0.3;STL;0.2;BLK;0.8;TO;0.9;PF;2.125
Jamal Cain;NOP;25;SF;NO;NO;13.6;5.3;Points;1.8;4.3;0.43;FG%;2.2;3PT Made;0.9;1.4;0.68;FT%;0.7;OREB;1.6;DREB;2.3;TREB;0.6;AST;0.6;STL;0.2;BLK;0.6;TO;1.2;PF;1
Pat Connaughton;MIL;32;SG;NO;NO;14.7;5.3;Points;2;4.3;0.469;FG%;2;3PT Made;0.6;0.8;0.774;FT%;0.5;OREB;2.2;DREB;2.7;TREB;1.7;AST;0.2;STL;0.3;BLK;0.6;TO;1.1;PF;2.833333333
Kevin Love;MIA;36;PF;NO;NO;10.9;5.3;Points;1.8;5;0.357;FG%;2.9;3PT Made;0.7;1;0.696;FT%;1;OREB;3.1;DREB;4.1;TREB;1;AST;0.7;STL;0.2;BLK;0.6;TO;0.9;PF;1.666666667
Ben Sheppard;IND;23;SG;NO;NO;19.5;5.3;Points;1.9;4.6;0.418;FG%;3.2;3PT Made;0.4;0.4;0.889;FT%;0.7;OREB;2.1;DREB;2.8;TREB;1.3;AST;0.6;STL;0.2;BLK;0.3;TO;2;PF;4.333333333
Monte Morris;PHO;29;PG;NO;NO;12.7;5.2;Points;1.8;4.3;0.426;FG%;1.9;3PT Made;0.8;0.9;0.857;FT%;0.3;OREB;1.2;DREB;1.5;TREB;1.6;AST;0.4;STL;0.1;BLK;0.5;TO;0.5;PF;3.2
Jabari Walker;POR;22;SF;NO;NO;12.5;5.2;Points;2;3.8;0.515;FG%;1.2;3PT Made;0.8;1.2;0.69;FT%;1;OREB;2.5;DREB;3.5;TREB;0.6;AST;0.6;STL;0.1;BLK;0.6;TO;1.5;PF;1
Javonte Green;CLE;31;SG;NO;NO;15.5;4.55;Points;1.65;4;0.4055;FG%;2;3PT Made;0.65;0.95;0.629;FT%;0.8;OREB;2.15;DREB;2.9;TREB;0.75;AST;0.85;STL;0.35;BLK;0.4;TO;1.35;PF;2.25
Alex Reese;OKC;25;PF;NO;NO;8.65;3.65;Points;1.4;2.4;0.736;FG%;1.45;3PT Made;0.3;0.45;0.75;FT%;0.8;OREB;1.35;DREB;2.15;TREB;0.15;AST;0.35;STL;0.35;BLK;0.2;TO;0.75;PF;2.6965E+308
Bismack Biyombo;SAS;32;C;NO;NO;18.9;5.1;Points;2.4;4.1;0.588;FG%;0;3PT Made;0.4;0.9;0.4;FT%;1.5;OREB;4.1;DREB;5.6;TREB;1.1;AST;0.6;STL;0.8;BLK;1;TO;1.9;PF;1.1
Mitchell Robinson;NYK;26;C;NO;NO;17.1;5.1;Points;2.2;3.3;0.661;FG%;0;3PT Made;0.8;1.1;0.684;FT%;3.1;OREB;2.9;DREB;5.9;TREB;0.8;AST;0.9;STL;1.1;BLK;0.6;TO;1.5;PF;1.333333333
Kai Jones;DAL;24;C;NO;NO;14.55;6.8;Points;3;3.7;0.779;FG%;0.2;3PT Made;0.75;1.05;0.725;FT%;1.3;OREB;2.8;DREB;4.1;TREB;0.85;AST;0.5;STL;0.65;BLK;0.55;TO;1.55;PF;1.428571429
Ben Simmons;BRK;28;PG;NO;NO;20.7;4.55;Points;2.05;4.05;0.4905;FG%;0;3PT Made;0.4;0.6;0.7745;FT%;0.9;OREB;3.6;DREB;4.5;TREB;5;AST;0.75;STL;0.45;BLK;1.75;TO;1.95;PF;3.215277778
Malaki Branham;SAS;21;SG;NO;NO;9.1;5;Points;1.9;4;0.458;FG%;1.8;3PT Made;0.6;0.7;0.818;FT%;0.1;OREB;0.9;DREB;1.1;TREB;0.8;AST;0.2;STL;0;BLK;0.7;TO;0.6;PF;1.142857143
Neemias Queta;BOS;25;C;NO;NO;13.9;5;Points;2.1;3.3;0.65;FG%;0;3PT Made;0.7;1;0.754;FT%;1.4;OREB;2.4;DREB;3.8;TREB;0.7;AST;0.3;STL;0.7;BLK;0.6;TO;1.7;PF;1.166666667
Alondes Williams;DET;25;SG;NO;NO;4;5;Points;2;2;1;FG%;1;3PT Made;0;0;;FT%;0;OREB;0;DREB;0;TREB;1;AST;0;STL;0;BLK;0;TO;0;PF;1.7977E+308
Jaylen Martin;BRK;21;SF;NO;NO;9.85;3.4;Points;1.3;3.1;0.4585;FG%;1;3PT Made;0.35;0.4;0.9;FT%;0.4;OREB;1.25;DREB;1.7;TREB;0.65;AST;0.35;STL;0;BLK;0.45;TO;0.65;PF;2.6965E+308
Lindy Waters III;DET;27;SG;NO;NO;13;4.45;Points;1.55;4.25;0.3675;FG%;3.3;3PT Made;0.1;0.15;0.727;FT%;0.35;OREB;1.4;DREB;1.75;TREB;0.9;AST;0.5;STL;0.2;BLK;0.3;TO;0.95;PF;3.125
Trevelin Queen;ORL;27;SG;NO;NO;13.9;4.9;Points;1.8;4.7;0.381;FG%;2.5;3PT Made;0.6;0.7;0.857;FT%;0.8;OREB;0.9;DREB;1.7;TREB;1.2;AST;1;STL;0.3;BLK;0.7;TO;1.2;PF;1.714285714
Jock Landale;HOU;29;C;NO;NO;11.9;4.8;Points;1.9;3.6;0.533;FG%;0.6;3PT Made;0.6;1;0.675;FT%;1.3;OREB;1.9;DREB;3.3;TREB;0.9;AST;0.3;STL;0.2;BLK;0.5;TO;1.2;PF;1.8
Colin Castleton;MEM;24;C;NO;NO;16.8;4.866666667;Points;1.833333333;3.866666667;0.4;FG%;0.633333333;3PT Made;1.133333333;1.5;0.766;FT%;2.2;OREB;2.866666667;DREB;5.066666667;TREB;1.2;AST;0.266666667;STL;0.333333333;BLK;0.733333333;TO;2.033333333;PF;3.614035088
Taylor Hendricks;UTA;21;PF;NO;NO;25;4.7;Points;1.3;6;0.222;FG%;4;3PT Made;1;1.3;0.75;FT%;1.7;OREB;3.3;DREB;5;TREB;0.7;AST;1.7;STL;1.3;BLK;0.7;TO;2.7;PF;1
David Roddy;ATL;23;PF;NO;NO;11.4;4.933333333;Points;2;4.666666667;0.426333333;FG%;2.533333333;3PT Made;0.466666667;0.7;0.659;FT%;0.366666667;OREB;2.066666667;DREB;2.433333333;TREB;0.933333333;AST;0.366666667;STL;0.2;BLK;0.433333333;TO;0.433333333;PF;2.412698413
Drew Eubanks;LAC;27;C;NO;NO;11.4;4.25;Points;1.75;2.95;0.579;FG%;0.05;3PT Made;0.75;1.05;0.709;FT%;0.95;OREB;2.55;DREB;3.45;TREB;0.8;AST;0.2;STL;0.6;BLK;0.6;TO;0.95;PF;1.25
Pelle Larsson;MIA;23;SG;NO;NO;14.2;4.6;Points;1.6;3.7;0.438;FG%;1.7;3PT Made;0.7;1.1;0.672;FT%;0.5;OREB;1.2;DREB;1.7;TREB;1.2;AST;0.6;STL;0.1;BLK;0.4;TO;1.7;PF;3
Julian Phillips;CHI;21;SF;NO;NO;14.2;4.6;Points;1.6;3.6;0.446;FG%;1.9;3PT Made;0.8;1;0.789;FT%;0.8;OREB;1.3;DREB;2.1;TREB;0.5;AST;0.5;STL;0.3;BLK;0.3;TO;1.4;PF;1.666666667
Cody Williams;UTA;20;SG;NO;NO;21.2;4.6;Points;1.7;5.1;0.323;FG%;2.7;3PT Made;0.6;0.8;0.725;FT%;0.5;OREB;1.7;DREB;2.3;TREB;1.2;AST;0.5;STL;0.3;BLK;0.9;TO;1.9;PF;1.333333333
Rob Dillingham;MIN;20;PG;NO;NO;10.5;4.5;Points;1.9;4.3;0.441;FG%;1.5;3PT Made;0.2;0.3;0.533;FT%;0.2;OREB;0.8;DREB;1;TREB;2;AST;0.4;STL;0;BLK;1.1;TO;0.8;PF;1.818181818
Jett Howard;ORL;21;SF;NO;NO;11.7;4.5;Points;1.6;4.4;0.374;FG%;3.1;3PT Made;0.3;0.4;0.696;FT%;0.3;OREB;0.8;DREB;1.2;TREB;0.7;AST;0.2;STL;0.2;BLK;0.6;TO;1.1;PF;1.166666667
Kevon Looney;GSW;28;C;NO;NO;15;4.5;Points;1.9;3.7;0.514;FG%;0.1;3PT Made;0.7;1.3;0.566;FT%;2.4;OREB;3.6;DREB;6.1;TREB;1.6;AST;0.6;STL;0.5;BLK;0.5;TO;2;PF;3.2
Mason Plumlee;PHO;34;C;NO;NO;17.6;4.5;Points;1.7;2.7;0.619;FG%;0.1;3PT Made;1.1;1.7;0.648;FT%;1.6;OREB;4.6;DREB;6.1;TREB;1.8;AST;0.4;STL;0.6;BLK;0.8;TO;2.1;PF;2.25
Dalen Terry;CHI;22;SG;NO;NO;13.5;4.5;Points;1.6;3.7;0.448;FG%;1.4;3PT Made;0.7;0.9;0.71;FT%;0.5;OREB;1.2;DREB;1.7;TREB;1.3;AST;0.6;STL;0.2;BLK;0.7;TO;1.6;PF;1.857142857
Marvin Bagley III;MEM;25;C;NO;NO;8.5;4.25;Points;1.7;3.3;0.5105;FG%;0.65;3PT Made;0.75;1.1;0.6595;FT%;1.15;OREB;1.45;DREB;2.6;TREB;0.35;AST;0.3;STL;0.3;BLK;0.35;TO;0.55;PF;1.833333333
Charles Bassey;SAS;24;C;NO;NO;10.4;4.4;Points;1.9;3.3;0.581;FG%;0;3PT Made;0.6;0.9;0.636;FT%;1.6;OREB;2.7;DREB;4.2;TREB;0.5;AST;0.4;STL;0.8;BLK;0.6;TO;1.4;PF;0.833333333
Tony Bradley;IND;27;C;NO;NO;8.1;4.4;Points;2.1;3.2;0.644;FG%;0.2;3PT Made;0.1;0.4;0.333;FT%;1.3;OREB;1.7;DREB;3;TREB;0.4;AST;0.1;STL;0.6;BLK;0.4;TO;0.8;PF;1
Reggie Jackson;PHI;34;PG;NO;NO;12.4;4.4;Points;1.7;4.3;0.391;FG%;2.4;3PT Made;0.2;0.3;0.778;FT%;0.3;OREB;1.1;DREB;1.4;TREB;1.5;AST;0.5;STL;0.1;BLK;0.5;TO;1.1;PF;3
Reed Sheppard;HOU;20;PG;NO;NO;12.6;4.4;Points;1.6;4.6;0.351;FG%;2.7;3PT Made;0.3;0.3;0.813;FT%;0.3;OREB;1.2;DREB;1.5;TREB;1.4;AST;0.7;STL;0.3;BLK;0.7;TO;1;PF;2
Lamar Stevens;MEM;27;PF;NO;NO;9.1;4.4;Points;1.7;3.7;0.46;FG%;1.6;3PT Made;0.5;0.6;0.727;FT%;0.2;OREB;2;DREB;2.2;TREB;0.5;AST;0.3;STL;0.2;BLK;0.6;TO;0.9;PF;0.833333333
Mo Bamba;LAC;26;C;NO;NO;13.95;3.55;Points;1.35;3;0.455;FG%;1.4;3PT Made;0.55;0.7;0.84;FT%;1.2;OREB;4.1;DREB;5.3;TREB;0.55;AST;0.15;STL;0.9;BLK;0.5;TO;1.8;PF;1.261904762
Jevon Carter;CHI;29;PG;NO;NO;8.9;4.3;Points;1.5;4.1;0.377;FG%;2.9;3PT Made;0.2;0.3;0.8;FT%;0.1;OREB;1;DREB;1.1;TREB;1.1;AST;0.4;STL;0.1;BLK;0.3;TO;0.4;PF;3.666666667
Micah Potter;UTA;26;C;NO;NO;18.6;4.3;Points;1.5;3.6;0.422;FG%;2.6;3PT Made;0.4;0.5;0.85;FT%;1.1;OREB;3.2;DREB;4.3;TREB;0.8;AST;0.4;STL;0.4;BLK;0.8;TO;1.3;PF;1
Terrence Shannon Jr.;MIN;24;SG;NO;NO;10.6;4.3;Points;1.7;3.6;0.482;FG%;1;3PT Made;0.5;0.7;0.81;FT%;0.3;OREB;1.2;DREB;1.5;TREB;1;AST;0.2;STL;0.2;BLK;0.5;TO;0.8;PF;2
Daniel Theis;NOP;32;C;NO;NO;16.3;4.3;Points;1.6;3.4;0.473;FG%;1;3PT Made;0.8;1;0.838;FT%;1.2;OREB;3.2;DREB;4.3;TREB;1.6;AST;0.5;STL;0.5;BLK;0.7;TO;1.8;PF;2.285714286
Torrey Craig;BOS;34;SF;NO;NO;12.2;4.8;Points;1.65;3.8;0.4225;FG%;2.85;3PT Made;0.3;0.45;0.6875;FT%;1;OREB;1.8;DREB;2.8;TREB;0.65;AST;0.3;STL;0.35;BLK;0.25;TO;1.4;PF;2.6965E+308
Wendell Moore Jr.;CHO;23;SG;NO;NO;14.25;4.3;Points;1.75;3.65;0.467;FG%;1.2;3PT Made;0.5;0.6;0.777;FT%;0.9;OREB;1.85;DREB;2.7;TREB;1.2;AST;0.55;STL;0.15;BLK;0.8;TO;0.9;PF;1.745454545
Dominick Barlow;ATL;21;SF;NO;NO;10.7;4.2;Points;1.7;3.2;0.531;FG%;0.8;3PT Made;0.6;0.9;0.636;FT%;1;OREB;1.4;DREB;2.4;TREB;0.5;AST;0.3;STL;0.5;BLK;0.1;TO;1.3;PF;5
Kessler Edwards;DAL;24;SF;NO;NO;15.2;4.2;Points;1.7;3.4;0.496;FG%;1.4;3PT Made;0.3;0.3;0.923;FT%;0.6;OREB;2.3;DREB;2.9;TREB;1.1;AST;0.5;STL;0.5;BLK;0.4;TO;1.6;PF;2.75
Oso Ighodaro;PHO;22;PF;NO;NO;17.1;4.2;Points;1.9;3.1;0.604;FG%;0;3PT Made;0.5;0.8;0.58;FT%;1.1;OREB;2.6;DREB;3.6;TREB;1.2;AST;0.5;STL;0.5;BLK;0.6;TO;1.7;PF;2
Kris Murray;POR;24;SF;NO;NO;15.1;4.2;Points;1.7;4;0.419;FG%;1.7;3PT Made;0.4;0.8;0.456;FT%;1.1;OREB;1.5;DREB;2.6;TREB;1;AST;0.5;STL;0.2;BLK;0.6;TO;1;PF;1.666666667
Duop Reath;POR;28;C;NO;NO;10.2;4.2;Points;1.5;3.6;0.422;FG%;2.3;3PT Made;0.4;0.5;0.909;FT%;1;OREB;1;DREB;2;TREB;0.6;AST;0.3;STL;0.3;BLK;0.3;TO;0.9;PF;2
Cam Spencer;MEM;24;SG;NO;NO;10.1;4.2;Points;1.4;3.3;0.415;FG%;2.1;3PT Made;0.8;0.8;1;FT%;0.5;OREB;0.7;DREB;1.2;TREB;1.4;AST;0.4;STL;0;BLK;0.2;TO;0.9;PF;7
Maxwell Lewis;BRK;22;SF;NO;NO;9.15;2.95;Points;1.15;2.9;0.3775;FG%;1.2;3PT Made;0.15;0.25;0.7;FT%;0.55;OREB;0.9;DREB;1.4;TREB;0.55;AST;0.25;STL;0.15;BLK;0.45;TO;0.7;PF;1.166666667
Jaylen Clark;MIN;23;SG;NO;NO;13.1;4.1;Points;1.4;3;0.467;FG%;1.3;3PT Made;0.7;0.9;0.784;FT%;0.7;OREB;0.7;DREB;1.3;TREB;0.7;AST;0.9;STL;0.1;BLK;0.2;TO;1.5;PF;3.5
Caleb Houstan;ORL;22;SF;NO;NO;13.6;4.1;Points;1.4;3.3;0.421;FG%;2.8;3PT Made;0.3;0.3;0.882;FT%;0.3;OREB;1;DREB;1.3;TREB;0.6;AST;0.4;STL;0.1;BLK;0.2;TO;1.1;PF;3
Jordan Miller;LAC;25;SF;NO;NO;11.4;4.1;Points;1.6;3.6;0.433;FG%;1;3PT Made;0.8;0.9;0.8;FT%;0.6;OREB;0.9;DREB;1.6;TREB;0.9;AST;0.5;STL;0.1;BLK;0.7;TO;0.7;PF;1.285714286
Jalen Pickett;DEN;25;SG;NO;NO;13.6;4.1;Points;1.6;3.7;0.428;FG%;2.1;3PT Made;0.1;0.2;0.75;FT%;0.3;OREB;1.1;DREB;1.4;TREB;2.2;AST;0.4;STL;0.1;BLK;0.5;TO;0.8;PF;4.4
Paul Reed;DET;25;C;NO;NO;9.7;4.1;Points;1.6;3.2;0.507;FG%;0.6;3PT Made;0.7;0.9;0.762;FT%;0.9;OREB;1.8;DREB;2.7;TREB;1;AST;0.9;STL;0.6;BLK;0.6;TO;1.7;PF;1.666666667
Gui Santos;GSW;22;PF;NO;NO;13.6;4.1;Points;1.5;3.2;0.458;FG%;1.8;3PT Made;0.5;0.8;0.69;FT%;1.3;OREB;1.8;DREB;3.1;TREB;1.4;AST;0.4;STL;0.2;BLK;0.8;TO;1.6;PF;1.75
Jarred Vanderbilt;LAL;25;PF;NO;NO;16.1;4.1;Points;1.6;3.4;0.488;FG%;0.9;3PT Made;0.6;1;0.556;FT%;1.9;OREB;3.2;DREB;5.1;TREB;1.1;AST;1;STL;0.3;BLK;0.8;TO;1.9;PF;1.375
Colby Jones;SAC;22;SG;NO;NO;15.55;4.9;Points;1.85;4;0.4445;FG%;1.5;3PT Made;0.75;1.15;0.657;FT%;0.6;OREB;2;DREB;2.65;TREB;1.4;AST;0.8;STL;0.35;BLK;0.7;TO;1.05;PF;1.636363636
Nicolas Batum;LAC;36;PF;NO;NO;17.5;4;Points;1.3;3.1;0.437;FG%;2.6;3PT Made;0.2;0.3;0.81;FT%;0.6;OREB;2.2;DREB;2.8;TREB;1.1;AST;0.7;STL;0.5;BLK;0.4;TO;1.4;PF;2.75
Malachi Flynn;CHO;26;PG;NO;NO;11;4;Points;1.3;3.3;0.385;FG%;1;3PT Made;1.3;1.5;0.833;FT%;0.8;OREB;1;DREB;1.8;TREB;1.8;AST;0.8;STL;0;BLK;1;TO;1;PF;1.8
Ron Harper Jr.;DET;24;SF;NO;NO;17;4;Points;1;8;0.125;FG%;6;3PT Made;2;2;1;FT%;4;OREB;3;DREB;7;TREB;2;AST;0;STL;0;BLK;0;TO;0;PF;1.7977E+308
Josh Richardson;MIA;31;SG;NO;NO;18.8;4;Points;1.4;4.8;0.289;FG%;2.8;3PT Made;0.5;0.5;1;FT%;0.8;OREB;0.8;DREB;1.5;TREB;1.5;AST;1;STL;0.1;BLK;1;TO;2.1;PF;1.5
Steven Adams;HOU;31;C;NO;NO;13.7;3.9;Points;1.6;2.9;0.545;FG%;0;3PT Made;0.7;1.6;0.462;FT%;2.9;OREB;2.8;DREB;5.6;TREB;1.1;AST;0.4;STL;0.5;BLK;0.9;TO;1;PF;1.222222222
Kyle Lowry;PHI;38;PG;NO;NO;18.8;3.9;Points;1.2;3.3;0.35;FG%;2.5;3PT Made;0.8;0.9;0.818;FT%;0.3;OREB;1.6;DREB;1.9;TREB;2.7;AST;0.9;STL;0.3;BLK;0.6;TO;1.8;PF;4.5
Olivier-Maxence Prosper;DAL;22;PF;NO;NO;11.2;3.9;Points;1.3;3.3;0.402;FG%;1;3PT Made;0.9;1.5;0.645;FT%;0.8;OREB;1.6;DREB;2.4;TREB;0.8;AST;0.5;STL;0.1;BLK;0.3;TO;0.5;PF;2.666666667
Patty Mills;LAC;36;PG;NO;NO;10.2;3.75;Points;1.15;3.1;0.421;FG%;2.45;3PT Made;0.5;0.55;0.9445;FT%;0.15;OREB;0.55;DREB;0.65;TREB;0.8;AST;0.4;STL;0.1;BLK;0.5;TO;0.85;PF;2.666666667
Branden Carlson;OKC;25;C;NO;NO;7.7;3.8;Points;1.3;3;0.443;FG%;2.1;3PT Made;0.4;0.6;0.778;FT%;0.5;OREB;1.2;DREB;1.7;TREB;0.4;AST;0.2;STL;0.7;BLK;0.2;TO;0.7;PF;2
Devin Carter;SAC;22;PG;NO;NO;11;3.8;Points;1.3;3.5;0.37;FG%;1.7;3PT Made;0.7;1.2;0.591;FT%;0.5;OREB;1.6;DREB;2.1;TREB;1.1;AST;0.6;STL;0.1;BLK;0.5;TO;1.1;PF;2.2
Ousmane Dieng;OKC;21;C;NO;NO;10.9;3.8;Points;1.5;3.4;0.432;FG%;1.9;3PT Made;0.3;0.4;0.688;FT%;0.5;OREB;1.7;DREB;2.2;TREB;0.8;AST;0.5;STL;0.2;BLK;0.5;TO;0.9;PF;1.6
Markieff Morris;DAL;35;PF;NO;NO;10.7;3.6;Points;1.35;4.55;0.28;FG%;2.4;3PT Made;0.3;0.4;0.833;FT%;0.2;OREB;1.3;DREB;1.5;TREB;1.35;AST;0.1;STL;0.2;BLK;0.35;TO;1.05;PF;3.625
Emoni Bates;CLE;21;SF;NO;NO;7.5;3.7;Points;1.3;3.8;0.342;FG%;3;3PT Made;0;0;;FT%;0;OREB;0.7;DREB;0.7;TREB;0.8;AST;0.1;STL;0.1;BLK;0.2;TO;0.4;PF;4
DeAndre Jordan;DEN;36;C;NO;NO;12.3;3.7;Points;1.6;2.5;0.65;FG%;0;3PT Made;0.5;1.1;0.422;FT%;1.5;OREB;3.6;DREB;5.1;TREB;0.9;AST;0.3;STL;0.5;BLK;0.7;TO;1.3;PF;1.285714286
Craig Porter Jr.;CLE;24;PG;NO;NO;10.1;3.7;Points;1.4;2.7;0.514;FG%;0.9;3PT Made;0.5;0.6;0.719;FT%;0.4;OREB;0.9;DREB;1.3;TREB;1.4;AST;0.3;STL;0.3;BLK;0.7;TO;0.5;PF;2
Jackson Rowe;GSW;28;PF;NO;NO;8.7;3.7;Points;1.3;2.8;0.471;FG%;1.7;3PT Made;0.5;1;0.5;FT%;0.5;OREB;1.3;DREB;1.8;TREB;0.7;AST;0.7;STL;0;BLK;0.2;TO;0.7;PF;3.5
Blake Wesley;SAS;21;SG;NO;NO;11.8;3.7;Points;1.4;3.2;0.435;FG%;1;3PT Made;0.7;1.1;0.623;FT%;0.3;OREB;0.8;DREB;1.1;TREB;2;AST;0.6;STL;0.1;BLK;0.9;TO;0.8;PF;2.222222222
JT Thor;CLE;22;PF;NO;NO;11.75;3.5;Points;1.25;2.85;0.482;FG%;1.05;3PT Made;0.75;1.1;0.723;FT%;0.9;OREB;1.3;DREB;2.25;TREB;0.3;AST;0.35;STL;0.4;BLK;0.5;TO;0.85;PF;0.904761905
Baylor Scheierman;BOS;24;SG;NO;NO;12.4;3.6;Points;1.3;3.5;0.355;FG%;2.6;3PT Made;0.3;0.4;0.75;FT%;0.6;OREB;1.5;DREB;2.1;TREB;1.1;AST;0.5;STL;0.1;BLK;0.4;TO;0.7;PF;2.75
Jae'Sean Tate;HOU;29;SF;NO;NO;11.3;3.6;Points;1.3;2.8;0.473;FG%;0.9;3PT Made;0.6;0.9;0.681;FT%;1;OREB;1.3;DREB;2.3;TREB;0.9;AST;0.5;STL;0.1;BLK;0.4;TO;1.6;PF;2.25
Jaylon Tyson;CLE;22;SG;NO;NO;9.6;3.6;Points;1.4;3.2;0.43;FG%;1.2;3PT Made;0.4;0.5;0.792;FT%;0.8;OREB;1.3;DREB;2;TREB;0.9;AST;0.3;STL;0.1;BLK;0.6;TO;1.1;PF;1.5
Elfrid Payton;CHO;30;PG;NO;NO;21.05;2.7;Points;1.3;4.55;0.2545;FG%;0.15;3PT Made;0.1;0.2;0.571;FT%;0.5;OREB;2.45;DREB;2.95;TREB;5.7;AST;1;STL;0.45;BLK;2.05;TO;1.65;PF;2.771551724
Luka Garza;MIN;26;C;NO;NO;5.6;3.5;Points;1.3;2.7;0.495;FG%;0.9;3PT Made;0.6;0.9;0.686;FT%;0.8;OREB;0.6;DREB;1.4;TREB;0.3;AST;0.2;STL;0.1;BLK;0.3;TO;0.7;PF;1
Cory Joseph;ORL;33;PG;NO;NO;12.2;3.5;Points;1.2;3.1;0.403;FG%;2.1;3PT Made;0.3;0.4;0.778;FT%;0.3;OREB;1.1;DREB;1.5;TREB;1.4;AST;0.5;STL;0.1;BLK;0.4;TO;1;PF;3.5
Doug McDermott;SAC;33;SF;NO;NO;8.1;3.5;Points;1.2;2.8;0.427;FG%;2.4;3PT Made;0.1;0.1;0.6;FT%;0.1;OREB;0.5;DREB;0.5;TREB;0.2;AST;0.1;STL;0;BLK;0.1;TO;0.7;PF;2
Dario Šariæ;DEN;30;C;NO;NO;13.1;3.5;Points;1.3;3.6;0.362;FG%;1.6;3PT Made;0.4;0.6;0.7;FT%;0.9;OREB;2.3;DREB;3.1;TREB;1.4;AST;0.4;STL;0.1;BLK;0.9;TO;1.2;PF;1.555555556
Jamaree Bouyea;MIL;25;PG;NO;NO;12.4;3.4;Points;1.2;2.4;0.5;FG%;1;3PT Made;0.8;1.2;0.667;FT%;0.2;OREB;0.8;DREB;1;TREB;2;AST;0.8;STL;0.4;BLK;1.6;TO;0.4;PF;1.25
Bruno Fernando;TOR;26;C;NO;NO;8.6;3.4;Points;1.5;2.9;0.531;FG%;0;3PT Made;0.4;0.5;0.75;FT%;1.2;OREB;1.8;DREB;3;TREB;1.1;AST;0.2;STL;0.5;BLK;0.8;TO;1.6;PF;1.375
Andre Jackson Jr.;MIL;23;SG;NO;NO;14.6;3.4;Points;1.4;2.9;0.477;FG%;1.1;3PT Made;0.2;0.4;0.5;FT%;1;OREB;1.7;DREB;2.7;TREB;1.2;AST;0.5;STL;0.2;BLK;0.9;TO;1.7;PF;1.333333333
Isaac Jones;SAC;24;PF;NO;NO;7.6;3.4;Points;1.4;2.1;0.651;FG%;0.2;3PT Made;0.6;0.9;0.639;FT%;0.6;OREB;0.9;DREB;1.4;TREB;0.3;AST;0.1;STL;0.3;BLK;0.4;TO;0.8;PF;0.75
Kevin Knox;GSW;25;SF;NO;NO;6;3.3;Points;1.3;2.6;0.5;FG%;1.1;3PT Made;0.4;0.6;0.75;FT%;0.5;OREB;0.7;DREB;1.2;TREB;0.4;AST;0.1;STL;0.3;BLK;0.3;TO;0.4;PF;1.333333333
Damion Lee;PHO;32;SG;NO;NO;5.8;3.3;Points;1.1;3;0.365;FG%;1.5;3PT Made;0.8;0.8;0.952;FT%;0.1;OREB;0.7;DREB;0.8;TREB;0.4;AST;0.2;STL;0;BLK;0.4;TO;0.2;PF;1
Jeenathan Williams;HOU;25;SG;NO;NO;7.4;3.3;Points;1.4;3.1;0.435;FG%;1.3;3PT Made;0.3;0.4;0.625;FT%;0.3;OREB;0.4;DREB;0.7;TREB;0.5;AST;0.4;STL;0.2;BLK;0.7;TO;0.8;PF;0.714285714
Elijah Harkless;UTA;24;SG;NO;NO;13.8;3.2;Points;1.1;3.5;0.314;FG%;2.5;3PT Made;0.3;0.6;0.5;FT%;0.9;OREB;1.2;DREB;2.1;TREB;0.8;AST;1;STL;0.1;BLK;0.3;TO;1.8;PF;2.666666667
Zeke Nnaji;DEN;24;PF;NO;NO;10.7;3.2;Points;1.2;2.5;0.496;FG%;0.9;3PT Made;0.5;0.8;0.614;FT%;0.6;OREB;1;DREB;1.6;TREB;0.4;AST;0.4;STL;0.7;BLK;0.2;TO;1.1;PF;2
Cam Reddish;LAL;25;SF;NO;NO;17.8;3.2;Points;1.2;2.8;0.404;FG%;1.4;3PT Made;0.5;0.8;0.615;FT%;0.5;OREB;1.5;DREB;2;TREB;0.7;AST;1;STL;0.3;BLK;0.4;TO;1.3;PF;1.75
Delon Wright;MIL;32;PG;NO;NO;16;3.4;Points;1.2;3.35;0.3685;FG%;1.8;3PT Made;0.35;0.6;0.615;FT%;0.75;OREB;0.9;DREB;1.6;TREB;1.95;AST;0.9;STL;0.25;BLK;0.55;TO;0.65;PF;3.55
Kylor Kelley;DAL;27;C;NO;NO;14.05;3.15;Points;1.3;2.3;0.6065;FG%;0;3PT Made;0.6;1.05;0.5835;FT%;1.15;OREB;3.15;DREB;4.3;TREB;0.65;AST;0.15;STL;0.3;BLK;0.55;TO;1.65;PF;2
Gary Harris;ORL;30;SG;NO;NO;14.8;3;Points;1.1;2.8;0.383;FG%;2.1;3PT Made;0.1;0.3;0.583;FT%;0.4;OREB;0.9;DREB;1.3;TREB;0.6;AST;0.5;STL;0.3;BLK;0.4;TO;0.9;PF;1.5
Maxi Kleber;DAL;33;PF;NO;NO;18.7;3;Points;1.1;2.8;0.385;FG%;1.4;3PT Made;0.5;0.6;0.762;FT%;0.7;OREB;2.1;DREB;2.8;TREB;1.3;AST;0.3;STL;0.5;BLK;0.7;TO;1.9;PF;1.857142857
Taze Moore;POR;26;SG;NO;NO;10;3;Points;1;5;0.2;FG%;2;3PT Made;0.5;1;0.5;FT%;2;OREB;2;DREB;4;TREB;0.5;AST;1;STL;0;BLK;1;TO;0;PF;0.5
Rayan Rupert;POR;20;SG;NO;NO;8.8;3;Points;1.1;2.7;0.408;FG%;1.1;3PT Made;0.4;0.6;0.767;FT%;0.5;OREB;0.8;DREB;1.3;TREB;0.5;AST;0.3;STL;0.1;BLK;0.6;TO;0.7;PF;0.833333333
P.J. Tucker;NYK;39;SF;NO;NO;19.3;3;Points;1;2.3;0.429;FG%;2;3PT Made;0;0;;FT%;1.3;OREB;1.3;DREB;2.7;TREB;0;AST;0.3;STL;0.3;BLK;0.3;TO;2.7;PF;0
Pete Nance;MIL;24;C;NO;NO;10.7;2.95;Points;1.1;2.45;0.431;FG%;1.85;3PT Made;0.05;0.15;0.5;FT%;0.4;OREB;1.2;DREB;1.6;TREB;0.8;AST;0.15;STL;0.15;BLK;0.35;TO;1.3;PF;2.6965E+308
Markelle Fultz;SAC;26;PG;NO;NO;8.8;2.9;Points;1.3;3.2;0.418;FG%;0.4;3PT Made;0;0;1;FT%;0.3;OREB;0.7;DREB;1;TREB;1.3;AST;0.5;STL;0.1;BLK;0.7;TO;0.6;PF;1.857142857
Taj Gibson;CHO;39;C;NO;NO;11.1;2.9;Points;1.3;2.6;0.495;FG%;0.1;3PT Made;0.3;0.5;0.6;FT%;1.4;OREB;1.9;DREB;3.2;TREB;0.6;AST;0.2;STL;0.5;BLK;0.7;TO;1.5;PF;0.857142857
Tyler Smith;MIL;20;PF;NO;NO;5.3;2.9;Points;1;2.2;0.48;FG%;1.3;3PT Made;0.3;0.3;0.75;FT%;0.3;OREB;0.8;DREB;1.1;TREB;0.2;AST;0.1;STL;0.2;BLK;0.3;TO;0.5;PF;0.666666667
RayJ Dennis;IND;23;PG;NO;NO;6.4;2.7;Points;1;3;0.333;FG%;1.9;3PT Made;0.2;0.2;1;FT%;0.2;OREB;0.9;DREB;1.1;TREB;1.3;AST;0.6;STL;0.2;BLK;0.5;TO;0.6;PF;2.6
David Duke Jr.;SAS;25;SG;NO;NO;5.7;2.7;Points;1;2.3;0.429;FG%;1;3PT Made;0.2;0.3;0.5;FT%;0.2;OREB;0.7;DREB;0.8;TREB;0.7;AST;0.2;STL;0;BLK;0.3;TO;0.2;PF;2.333333333
Keshad Johnson;MIA;23;SF;NO;NO;6.1;2.7;Points;1.1;1.6;0.692;FG%;0.4;3PT Made;0.3;0.6;0.444;FT%;0.4;OREB;1.4;DREB;1.8;TREB;0.3;AST;0.3;STL;0.3;BLK;0.3;TO;0.7;PF;1
Reece Beekman;BRK;23;PG;NO;NO;7.85;1.85;Points;0.75;1.8;0.6605;FG%;0.6;3PT Made;0.25;0.3;0.762;FT%;0.45;OREB;0.4;DREB;0.8;TREB;1.15;AST;0.7;STL;0.05;BLK;0.3;TO;0.75;PF;2.6965E+308
Jae Crowder;SAC;34;PF;NO;NO;11.4;2.6;Points;0.8;2.4;0.318;FG%;1.7;3PT Made;0.6;0.7;0.833;FT%;0.7;OREB;1.6;DREB;2.2;TREB;0.7;AST;0.3;STL;0;BLK;0.4;TO;1.1;PF;1.75
Josh Minott;MIN;22;SF;NO;NO;6;2.6;Points;1;2;0.489;FG%;0.9;3PT Made;0.4;0.4;0.895;FT%;0.3;OREB;0.8;DREB;1;TREB;0.4;AST;0.3;STL;0.3;BLK;0.2;TO;0.7;PF;2
Hunter Tyson;DEN;24;PF;NO;NO;7.8;2.6;Points;0.9;2.4;0.375;FG%;1.5;3PT Made;0.4;0.5;0.75;FT%;0.5;OREB;1;DREB;1.5;TREB;0.4;AST;0.2;STL;0.1;BLK;0.3;TO;0.9;PF;1.333333333
Jaden Springer;BOS;22;PG;NO;NO;9.3;2.75;Points;0.95;2.3;0.382;FG%;1.2;3PT Made;0.65;0.9;0.71;FT%;0.5;OREB;1;DREB;1.45;TREB;0.9;AST;0.6;STL;0.1;BLK;0.45;TO;1.1;PF;2
Trey Jemison;LAL;25;C;NO;NO;10.35;2.5;Points;1.05;1.95;0.544;FG%;0;3PT Made;0.35;0.9;0.399;FT%;1.2;OREB;1.6;DREB;2.8;TREB;0.45;AST;0.25;STL;0.4;BLK;0.6;TO;1.8;PF;0.75
Anthony Gill;WAS;32;PF;NO;NO;7.8;2.5;Points;0.8;1.7;0.489;FG%;0.6;3PT Made;0.6;1;0.66;FT%;0.4;OREB;0.9;DREB;1.3;TREB;0.3;AST;0.2;STL;0;BLK;0.2;TO;0.6;PF;1.5
Dillon Jones;OKC;23;SF;NO;NO;10.2;2.5;Points;0.9;2.5;0.383;FG%;1.2;3PT Made;0.3;0.5;0.607;FT%;0.6;OREB;1.7;DREB;2.2;TREB;1.1;AST;0.3;STL;0.1;BLK;0.5;TO;1;PF;2.2
Pat Spencer;GSW;28;PG;NO;NO;6.4;2.5;Points;1.1;2.6;0.406;FG%;0.6;3PT Made;0.3;0.4;0.733;FT%;0.4;OREB;0.8;DREB;1.2;TREB;1.2;AST;0.4;STL;0.1;BLK;0.5;TO;0.5;PF;2.4
Johnny Davis;WAS;22;SG;NO;NO;7.1;2.4;Points;0.9;2.3;0.41;FG%;0.9;3PT Made;0.3;0.4;0.6;FT%;0.3;OREB;0.8;DREB;1.1;TREB;0.3;AST;0.4;STL;0.2;BLK;0.2;TO;0.5;PF;1.5
Christian Koloko;LAL;24;C;NO;NO;9.2;2.4;Points;1.1;1.8;0.606;FG%;0.1;3PT Made;0.3;0.4;0.714;FT%;0.9;OREB;1.5;DREB;2.5;TREB;0.4;AST;0.2;STL;0.4;BLK;0.3;TO;1.2;PF;1.333333333
John Konchar;MEM;28;SG;NO;NO;12.1;2.4;Points;0.9;2;0.451;FG%;1.3;3PT Made;0.2;0.2;0.875;FT%;0.8;OREB;2.5;DREB;3.3;TREB;0.9;AST;0.7;STL;0.3;BLK;0.3;TO;0.7;PF;3
MarJon Beauchamp;LAC;24;SF;NO;NO;4.4;2.833333333;Points;0.933333333;1.966666667;0.469666667;FG%;0.866666667;3PT Made;0.566666667;0.833333333;0.75;FT%;0.433333333;OREB;0.833333333;DREB;1.233333333;TREB;0.4;AST;0.1;STL;0;BLK;0.333333333;TO;0.466666667;PF;1.311111111
Bronny James;LAL;20;SG;NO;NO;6.7;2.3;Points;0.8;2.5;0.313;FG%;1.2;3PT Made;0.4;0.5;0.786;FT%;0.1;OREB;0.5;DREB;0.7;TREB;0.8;AST;0.3;STL;0.1;BLK;0.5;TO;0.5;PF;1.6
Mason Jones;SAC;26;SG;NO;NO;4.5;2.3;Points;0.9;1.8;0.5;FG%;0.8;3PT Made;0.4;0.5;0.8;FT%;0.2;OREB;0.7;DREB;0.9;TREB;1.1;AST;0;STL;0.1;BLK;0.1;TO;0.3;PF;11
Miles Norris;BOS;24;PF;NO;NO;11.7;2.3;Points;0.7;3;0.222;FG%;2.3;3PT Made;0.3;0.7;0.5;FT%;0.7;OREB;2.3;DREB;3;TREB;0;AST;0.7;STL;0.3;BLK;0;TO;0;PF;2.6965E+308
Patrick Baldwin Jr.;LAC;22;SF;NO;NO;3.8;2.55;Points;0.9;1.25;0.7575;FG%;1;3PT Made;0.05;0.1;0.5;FT%;0.1;OREB;1.15;DREB;1.25;TREB;0.3;AST;0.05;STL;0.05;BLK;0.1;TO;0.6;PF;1.7977E+308
Drew Peterson;BOS;25;PF;NO;NO;7.4;2.2;Points;0.7;1.6;0.415;FG%;1.3;3PT Made;0.3;0.4;0.778;FT%;0.4;OREB;1.2;DREB;1.6;TREB;0.5;AST;0.2;STL;0.1;BLK;0.3;TO;0.7;PF;1.666666667
TyTy Washington Jr.;PHO;23;PG;NO;NO;7.4;2.2;Points;0.9;2.8;0.311;FG%;1.3;3PT Made;0.2;0.4;0.5;FT%;0.3;OREB;0.6;DREB;0.8;TREB;1;AST;0.2;STL;0;BLK;0.2;TO;0.3;PF;5
Jordan McLaughlin;SAC;28;PG;NO;NO;6.85;2.2;Points;0.7;1.6;0.45;FG%;1;3PT Made;0.35;0.45;0.844;FT%;0.1;OREB;0.5;DREB;0.65;TREB;1.2;AST;0.35;STL;0.05;BLK;0.35;TO;0.4;PF;3.625
JD Davison;BOS;22;PG;NO;NO;5.8;2.1;Points;0.8;2.1;0.353;FG%;1.1;3PT Made;0.3;0.4;0.714;FT%;0.1;OREB;0.7;DREB;0.8;TREB;0.8;AST;0.3;STL;0.1;BLK;0.8;TO;0.1;PF;1
Chris Duarte;CHI;27;SG;NO;NO;4.4;2.1;Points;0.7;1.5;0.462;FG%;0.9;3PT Made;0.4;0.5;0.75;FT%;0.3;OREB;0.9;DREB;1.2;TREB;0.5;AST;0;STL;0;BLK;0.1;TO;0.4;PF;5
Enrique Freeman;IND;24;PF;NO;NO;8.2;2.1;Points;0.7;1.7;0.432;FG%;0.5;3PT Made;0.6;0.9;0.684;FT%;0.5;OREB;0.9;DREB;1.4;TREB;0.4;AST;0.1;STL;0.1;BLK;0.3;TO;1;PF;1.333333333
Johnny Furphy;IND;20;SG;NO;NO;7.6;2.1;Points;0.7;1.8;0.38;FG%;1;3PT Made;0.4;0.4;0.818;FT%;0.5;OREB;1;DREB;1.4;TREB;0.4;AST;0.4;STL;0.2;BLK;0.2;TO;0.8;PF;2
Dwight Powell;DAL;33;C;NO;NO;10;2.1;Points;0.8;1.1;0.689;FG%;0.1;3PT Made;0.5;0.8;0.651;FT%;0.9;OREB;1.3;DREB;2.1;TREB;1;AST;0.3;STL;0.4;BLK;0.3;TO;1.4;PF;3.333333333
Josh Christopher;MIA;23;SG;NO;NO;4.9;2;Points;0.8;2.2;0.355;FG%;0.8;3PT Made;0.3;0.4;0.667;FT%;0;OREB;0.6;DREB;0.6;TREB;0.6;AST;0.4;STL;0.2;BLK;0.4;TO;0.1;PF;1.5
Tyler Kolek;NYK;23;PG;NO;NO;7.2;2;Points;0.7;2;0.329;FG%;1.1;3PT Made;0.3;0.4;0.765;FT%;0.2;OREB;0.5;DREB;0.7;TREB;1.7;AST;0.3;STL;0.1;BLK;0.4;TO;0.6;PF;4.25
Adama Sanogo;CHI;22;C;NO;NO;5.3;2;Points;1;1.8;0.571;FG%;0;3PT Made;0;0;;FT%;1.3;OREB;0.3;DREB;1.5;TREB;0.3;AST;0;STL;0;BLK;0.3;TO;0.3;PF;1
Kobe Brown;LAC;25;PF;NO;NO;6.8;1.9;Points;0.8;1.8;0.458;FG%;0.7;3PT Made;0.1;0.2;0.714;FT%;0.5;OREB;1.2;DREB;1.6;TREB;0.6;AST;0.2;STL;0.1;BLK;0.3;TO;0.6;PF;2
Ariel Hukporti;NYK;22;C;NO;NO;8.7;1.9;Points;0.8;1.2;0.677;FG%;0;3PT Made;0.2;0.5;0.462;FT%;0.6;OREB;1.5;DREB;2;TREB;0.4;AST;0;STL;0.6;BLK;0.8;TO;1.3;PF;0.5
Bobi Klintman;DET;21;SF;NO;NO;5.3;1.9;Points;0.8;1.3;0.6;FG%;0.6;3PT Made;0.1;0.3;0.5;FT%;0.1;OREB;0.8;DREB;0.9;TREB;0.9;AST;0.3;STL;0.1;BLK;0.1;TO;1;PF;9
Garrett Temple;TOR;38;SG;NO;NO;8.1;1.9;Points;0.6;2.1;0.3;FG%;1;3PT Made;0.4;0.4;0.917;FT%;0.3;OREB;0.7;DREB;1;TREB;1.1;AST;0.6;STL;0.1;BLK;0.4;TO;0.8;PF;2.75
Jericho Sims;MIL;26;C;NO;NO;12.9;2;Points;0.95;1.5;0.6445;FG%;0;3PT Made;0.1;0.15;0.615;FT%;1.35;OREB;2.7;DREB;4.1;TREB;0.7;AST;0.15;STL;0.45;BLK;0.7;TO;1.3;PF;1.044444444
Vlatko Èanèar;DEN;27;PF;NO;NO;10.5;1.8;Points;0.8;2;0.385;FG%;1.2;3PT Made;0;0;;FT%;0.5;OREB;2;DREB;2.5;TREB;0.7;AST;0.2;STL;0.2;BLK;0.8;TO;0.8;PF;0.875
Adam Flagler;OKC;25;SG;NO;NO;5.5;1.8;Points;0.7;2.6;0.26;FG%;1.9;3PT Made;0;0.1;0.5;FT%;0.2;OREB;0.5;DREB;0.7;TREB;0.3;AST;0.2;STL;0.1;BLK;0.1;TO;0.4;PF;3
Trentyn Flowers;LAC;19;SF;NO;NO;4.5;1.8;Points;0.7;1.8;0.364;FG%;0.3;3PT Made;0.5;0.5;1;FT%;0.2;OREB;0.5;DREB;0.7;TREB;0;AST;0;STL;0;BLK;0.2;TO;0.7;PF;0
E.J. Liddell;CHI;24;PF;NO;NO;4.4;1.8;Points;0.7;1.3;0.533;FG%;0.8;3PT Made;0.2;0.2;1;FT%;0.3;OREB;0.5;DREB;0.8;TREB;0.3;AST;0.1;STL;0.1;BLK;0.2;TO;0.9;PF;1.5
Jahmir Young;CHI;24;PG;NO;NO;5;1.8;Points;0.7;0.8;0.8;FG%;0.3;3PT Made;0.3;0.3;1;FT%;0.2;OREB;0.3;DREB;0.5;TREB;1;AST;0;STL;0;BLK;0.2;TO;0.3;PF;5
Pacome Dadiet;NYK;19;SG;NO;NO;6.2;1.7;Points;0.6;1.7;0.323;FG%;1.1;3PT Made;0.2;0.3;0.667;FT%;0.2;OREB;0.8;DREB;1;TREB;0.3;AST;0.2;STL;0.1;BLK;0.2;TO;0.4;PF;1.5
Alex Ducas;OKC;24;SG;NO;NO;6;1.7;Points;0.6;1.4;0.4;FG%;1;3PT Made;0.1;0.1;1;FT%;0.4;OREB;0.8;DREB;1.2;TREB;0.2;AST;0.2;STL;0;BLK;0.2;TO;0.6;PF;1
PJ Hall;DEN;22;C;NO;NO;3.5;1.7;Points;0.7;1.3;0.583;FG%;0.4;3PT Made;0.2;0.2;0.75;FT%;0.3;OREB;0.8;DREB;1.2;TREB;0.2;AST;0;STL;0.2;BLK;0.1;TO;0.6;PF;2
Emanuel Miller;CHI;24;PF;NO;NO;4.2;1.7;Points;0.7;1.3;0.5;FG%;0.2;3PT Made;0.3;0.3;1;FT%;0.7;OREB;0.7;DREB;1.3;TREB;0.3;AST;0.2;STL;0;BLK;0;TO;0.5;PF;1.7977E+308
Tristan Thompson;CLE;33;C;NO;NO;8.2;1.7;Points;0.8;1.8;0.437;FG%;0.1;3PT Made;0.2;0.8;0.233;FT%;0.8;OREB;2.6;DREB;3.4;TREB;0.6;AST;0.1;STL;0.3;BLK;0.4;TO;0.9;PF;1.5
Alex Len;LAL;31;C;NO;NO;9.7;1.8;Points;0.8;1.65;0.496;FG%;0.25;3PT Made;0.15;0.4;0.394;FT%;1;OREB;1.45;DREB;2.45;TREB;0.8;AST;0.15;STL;0.4;BLK;0.6;TO;1.55;PF;1.777777778
Yuki Kawamura;MEM;23;PG;NO;NO;4.2;1.6;Points;0.5;1.4;0.367;FG%;1;3PT Made;0.3;0.4;0.778;FT%;0;OREB;0.5;DREB;0.5;TREB;0.9;AST;0.1;STL;0;BLK;0.2;TO;0.4;PF;4.5
Jack McVeigh;HOU;28;PF;NO;NO;4.8;1.6;Points;0.6;1.9;0.294;FG%;1.4;3PT Made;0;0;;FT%;0.2;OREB;0.3;DREB;0.6;TREB;0.1;AST;0;STL;0.2;BLK;0.2;TO;0.3;PF;0.5
Armel Traoré;LAL;22;SF;NO;NO;7.4;1.6;Points;0.7;2.1;0.316;FG%;0.8;3PT Made;0.2;0.8;0.286;FT%;0.2;OREB;1.4;DREB;1.7;TREB;0.1;AST;0.4;STL;0.2;BLK;0.3;TO;0.7;PF;0.333333333
Jordan Walsh;BOS;20;PF;NO;NO;7.8;1.6;Points;0.6;1.6;0.361;FG%;1.1;3PT Made;0.1;0.2;0.583;FT%;0.4;OREB;0.9;DREB;1.3;TREB;0.4;AST;0.2;STL;0.2;BLK;0.3;TO;0.6;PF;1.333333333
Phillip Wheeler;PHI;22;PF;NO;NO;8.8;1.6;Points;0.6;4.2;0.143;FG%;2;3PT Made;0.4;0.4;1;FT%;0.4;OREB;1.2;DREB;1.6;TREB;0.4;AST;0.2;STL;0.4;BLK;0.2;TO;0.2;PF;2
Sidy Cissoko;POR;20;SF;NO;NO;7.6;1.65;Points;0.65;1.75;0.4165;FG%;0.8;3PT Made;0.25;0.5;0.417;FT%;0.6;OREB;0.8;DREB;1.4;TREB;1.1;AST;0.15;STL;0.1;BLK;0.95;TO;0.6;PF;2.5
Jazian Gortman;DAL;21;PG;NO;NO;3.6;1.5;Points;0.6;1.4;0.391;FG%;0.7;3PT Made;0.1;0.3;0.5;FT%;0.1;OREB;0.3;DREB;0.3;TREB;0.4;AST;0.1;STL;0.1;BLK;0.3;TO;0.6;PF;1.333333333
Kevin McCullar Jr.;NYK;23;SF;NO;NO;7.3;1.5;Points;0.5;1.8;0.286;FG%;0.3;3PT Made;0.5;0.5;1;FT%;0;OREB;2;DREB;2;TREB;0.5;AST;0.3;STL;0.3;BLK;0;TO;1.5;PF;1.7977E+308
Leonard Miller;MIN;21;SF;NO;NO;2.5;1.5;Points;0.5;1.2;0.4;FG%;0.4;3PT Made;0.6;0.6;1;FT%;0.2;OREB;0.6;DREB;0.8;TREB;0;AST;0.2;STL;0.1;BLK;0.2;TO;0.2;PF;0
Quincy Olivari;LAL;23;PG;NO;NO;5;1.5;Points;0.5;2.5;0.2;FG%;2.5;3PT Made;0;0;;FT%;0;OREB;0;DREB;0;TREB;0.5;AST;0;STL;0;BLK;0.5;TO;0;PF;1
Matt Ryan;NYK;27;SF;NO;NO;3.6;1.5;Points;0.5;1.6;0.323;FG%;1;3PT Made;0.1;0.1;1;FT%;0;OREB;0.4;DREB;0.4;TREB;0.2;AST;0.1;STL;0;BLK;0.2;TO;0.1;PF;1
Jacob Toppin;ATL;24;SF;NO;NO;15.05;8.7;Points;3.1;6.3;0.4;FG%;4.05;3PT Made;0;0;;FT%;0.55;OREB;1.8;DREB;2.35;TREB;1.15;AST;0.05;STL;0;BLK;0.55;TO;0.1;PF;2.5
Cam Christie;LAC;19;SG;NO;NO;4.5;1.4;Points;0.5;1.8;0.292;FG%;1;3PT Made;0.2;0.3;0.5;FT%;0.2;OREB;0.7;DREB;0.9;TREB;0.5;AST;0.4;STL;0.1;BLK;0.2;TO;0.3;PF;2.5
Chris Livingston;MIL;21;SF;NO;NO;5;1.4;Points;0.4;1.3;0.333;FG%;0.4;3PT Made;0.6;0.8;0.75;FT%;0.5;OREB;1.2;DREB;1.7;TREB;0.2;AST;0.2;STL;0;BLK;0.3;TO;0.4;PF;0.666666667
Trey Alexander;DEN;21;SG;NO;NO;4.9;1.3;Points;0.5;1.7;0.317;FG%;0.7;3PT Made;0.1;0.2;0.75;FT%;0;OREB;0.5;DREB;0.5;TREB;0.5;AST;0.1;STL;0;BLK;0.2;TO;0.4;PF;2.5
Spencer Jones;DEN;23;SF;NO;NO;6.3;1.3;Points;0.6;1.7;0.324;FG%;0.9;3PT Made;0.2;0.2;1;FT%;0.4;OREB;0.5;DREB;0.9;TREB;0.3;AST;0.3;STL;0.3;BLK;0.3;TO;0.9;PF;1
Skal Labissi?re;SAC;28;PF;NO;NO;3;1.3;Points;0.5;1;0.5;FG%;0.3;3PT Made;0;0;;FT%;0.3;OREB;0.5;DREB;0.8;TREB;0.3;AST;0;STL;0;BLK;0;TO;0.3;PF;1.7977E+308
Jalen Bridges;PHO;23;SF;NO;NO;3.8;1.1;Points;0.3;0.9;0.286;FG%;0.9;3PT Made;0.4;0.5;0.75;FT%;0;OREB;0.5;DREB;0.5;TREB;0;AST;0;STL;0;BLK;0.5;TO;0;PF;0
Yuri Collins;GSW;23;PG;NO;NO;8;1;Points;0.5;1.5;0.333;FG%;0;3PT Made;0;0;;FT%;1;OREB;0.5;DREB;1.5;TREB;2;AST;1;STL;0;BLK;0;TO;2.5;PF;1.7977E+308
Daniss Jenkins;DET;23;PG;NO;NO;3.3;1;Points;0.4;1.4;0.3;FG%;1;3PT Made;0;0.3;0;FT%;0;OREB;0.3;DREB;0.3;TREB;0.4;AST;0;STL;0;BLK;0.1;TO;0.3;PF;4
Braxton Key;GSW;27;SF;NO;NO;3.7;1;Points;0;1.3;0;FG%;0.3;3PT Made;1;2;0.5;FT%;0.3;OREB;0.3;DREB;0.7;TREB;0;AST;0.7;STL;0;BLK;0.3;TO;0;PF;0
Bryce McGowens;POR;22;SG;NO;NO;2.5;1;Points;0.3;1.1;0.286;FG%;0.3;3PT Made;0.4;0.5;0.833;FT%;0.2;OREB;0.1;DREB;0.2;TREB;0.2;AST;0.1;STL;0;BLK;0.3;TO;0.2;PF;0.666666667
Xavier Tillman Sr.;BOS;26;C;NO;NO;7;1;Points;0.4;1.6;0.245;FG%;1;3PT Made;0.1;0.1;0.75;FT%;0.3;OREB;1;DREB;1.3;TREB;0.2;AST;0.3;STL;0.2;BLK;0.4;TO;0.5;PF;0.5
Luke Travers;CLE;23;SG;NO;NO;7.3;1;Points;0.4;1.7;0.25;FG%;0.8;3PT Made;0.2;0.2;1;FT%;0.7;OREB;1;DREB;1.7;TREB;0.7;AST;0.1;STL;0.1;BLK;0.7;TO;0.5;PF;1
Isaiah Crawford;SAC;23;SF;NO;NO;3.1;0.9;Points;0.3;0.7;0.455;FG%;0.3;3PT Made;0.1;0.3;0.5;FT%;0.1;OREB;0.5;DREB;0.5;TREB;0.1;AST;0.1;STL;0.1;BLK;0.1;TO;0.1;PF;1
Justin Minaya;POR;25;SF;NO;NO;5.3;0.9;Points;0.4;1.1;0.381;FG%;0.5;3PT Made;0;0.1;0;FT%;0.3;OREB;0.3;DREB;0.5;TREB;0.4;AST;0.3;STL;0.1;BLK;0.3;TO;0.6;PF;1.333333333
Anton Watson;NYK;24;SF;NO;NO;2.4;0.9;Points;0.4;1;0.444;FG%;0.1;3PT Made;0;0;;FT%;0.1;OREB;0.2;DREB;0.3;TREB;0.2;AST;0.1;STL;0;BLK;0.2;TO;0.3;PF;1
D.J. Carton;TOR;24;SG;NO;NO;8.3;0.8;Points;0.3;1.8;0.143;FG%;0.8;3PT Made;0.3;0.3;1;FT%;0;OREB;1;DREB;1;TREB;0.8;AST;0.5;STL;0;BLK;1;TO;0.3;PF;0.8
PJ Dozier;MIN;28;SG;NO;NO;3.9;0.8;Points;0.2;0.3;0.667;FG%;0.3;3PT Made;0.1;0.7;0.167;FT%;0.1;OREB;0.4;DREB;0.6;TREB;0.6;AST;0.1;STL;0;BLK;0.1;TO;0.3;PF;6
Joe Ingles;MIN;37;SF;NO;NO;6;0.8;Points;0.3;1.2;0.261;FG%;0.8;3PT Made;0;0;;FT%;0.1;OREB;0.5;DREB;0.6;TREB;1.2;AST;0.1;STL;0;BLK;0.5;TO;0.6;PF;2.4
Harrison Ingram;SAS;22;SF;NO;NO;7;0.8;Points;0.4;0.8;0.5;FG%;0.2;3PT Made;0;0;;FT%;0.4;OREB;1.4;DREB;1.8;TREB;0.6;AST;0.6;STL;0;BLK;0.2;TO;0.4;PF;3
Ulrich Chomche;TOR;19;PF;NO;NO;4.6;0.7;Points;0.3;0.7;0.4;FG%;0;3PT Made;0.1;0.3;0.5;FT%;0.6;OREB;0.6;DREB;1.1;TREB;0.3;AST;0;STL;0.1;BLK;0.3;TO;0.7;PF;1
James Johnson;IND;37;PF;NO;NO;3.1;0.7;Points;0.3;0.9;0.364;FG%;0.3;3PT Made;0;0.1;0;FT%;0;OREB;0.5;DREB;0.5;TREB;0.3;AST;0;STL;0.2;BLK;0.3;TO;0.4;PF;1
Liam Robbins;MIL;25;C;NO;NO;4.4;0.7;Points;0.2;0.6;0.25;FG%;0.2;3PT Made;0.4;0.8;0.5;FT%;0.5;OREB;0.4;DREB;0.9;TREB;0.2;AST;0.2;STL;0.2;BLK;0.5;TO;0.7;PF;0.4
Stanley Umude;MIL;25;SG;NO;NO;3.9;0.7;Points;0.2;1.2;0.192;FG%;0.7;3PT Made;0.1;0.2;0.5;FT%;0.2;OREB;0.6;DREB;0.8;TREB;0.2;AST;0.1;STL;0.3;BLK;0.1;TO;0.4;PF;2
Cui Yongxi;BRK;21;SG;NO;NO;2;0.6;Points;0.2;1.4;0.143;FG%;0.6;3PT Made;0.2;0.4;0.5;FT%;0;OREB;0.4;DREB;0.4;TREB;0;AST;0;STL;0;BLK;0;TO;0;PF;2.6965E+308
Tristen Newton;IND;23;SG;NO;NO;2.15;0.3;Points;0.1;0.95;0.0835;FG%;0.3;3PT Made;0.1;0.1;1;FT%;0.35;OREB;0.35;DREB;0.65;TREB;0.25;AST;0.15;STL;0;BLK;0.25;TO;0.55;PF;1
Malevy Leons;OKC;25;SF;NO;NO;3.5;0.3;Points;0;0.3;0;FG%;0.2;3PT Made;0.3;0.7;0.5;FT%;0.2;OREB;0.3;DREB;0.5;TREB;0.2;AST;0;STL;0;BLK;0.2;TO;0.7;PF;1
Daishen Nix;MIN;22;PG;NO;NO;4.3;0.3;Points;0;0.3;0;FG%;0.3;3PT Made;0.3;0.7;0.5;FT%;0;OREB;1.3;DREB;1.3;TREB;1;AST;0;STL;0;BLK;1.3;TO;0.3;PF;0.769230769
Terence Davis;SAC;27;SG;NO;NO;8;0;Points;0;2;0;FG%;1;3PT Made;0;0;;FT%;0;OREB;1;DREB;1;TREB;1;AST;0;STL;0;BLK;0;TO;0;PF;1.7977E+308
Jesse Edwards;MIN;24;C;NO;NO;2.5;0;Points;0;0;;FG%;0;3PT Made;0;0;;FT%;0;OREB;0;DREB;0;TREB;0.5;AST;0;STL;0;BLK;0;TO;1;PF;1.7977E+308
Mac McClung;ORL;26;SG;NO;NO;5;0;Points;0;1;0;FG%;0.5;3PT Made;0;0;;FT%;0;OREB;0.5;DREB;0.5;TREB;1.5;AST;0;STL;0;BLK;0;TO;1;PF;1.7977E+308
Jalen McDaniels;WAS;27;SF;NO;NO;1.8;0;Points;0;0;;FG%;0;3PT Made;0;0;;FT%;0;OREB;0;DREB;0;TREB;0.3;AST;0.3;STL;0;BLK;0;TO;0;PF;1.7977E+308
Riley Minix;SAS;24;SF;NO;NO;7;0;Points;0;1;0;FG%;1;3PT Made;0;0;;FT%;0;OREB;2;DREB;2;TREB;0;AST;0;STL;0;BLK;0;TO;0;PF;2.6965E+308
Jahlil Okafor;IND;29;C;NO;NO;3;0;Points;0;0;;FG%;0;3PT Made;0;0;;FT%;0;OREB;1;DREB;1;TREB;1;AST;0;STL;0;BLK;0;TO;0;PF;1.7977E+308
Zyon Pullin;MEM;23;SG;NO;NO;1;0;Points;0;0.3;0;FG%;0;3PT Made;0;0;;FT%;0;OREB;0;DREB;0;TREB;0;AST;0;STL;0;BLK;0;TO;0;PF;2.6965E+308
Isaiah Stevens;MIA;24;PG;NO;NO;2;0;Points;0;0.7;0;FG%;0.3;3PT Made;0;0;;FT%;0;OREB;0.7;DREB;0.7;TREB;0;AST;0.3;STL;0;BLK;0;TO;0;PF;2.6965E+308
Terry Taylor;SAC;25;PF;NO;NO;2;0;Points;0;0.3;0;FG%;0;3PT Made;0;0;;FT%;0.3;OREB;0;DREB;0.3;TREB;0.7;AST;0;STL;0;BLK;0;TO;0;PF;1.7977E+308
