Rk;Player;Age;POSITION;TEAM;GAMES_STARTED;MINUTES_PLAYED;FG_MADE;FG_ATTEMPTED;FG_PCT;3PT_MADE;3PT_ATTEMPTED;3PT_PCT;FT_MADE;FT_ATTEMPTED;FT_PCT;OFF_REB;DEF_REB;TOT_REB;AST;STL;BLK;TOV;PF;PTS;TRIP_DB;GAMES_PLAYED
1;Shai Gilgeous-Alexander;26;PG;OKC;76;2598;860;1656;0,519323671;163;435;0,374712644;601;669;0,898355755;67;312;379;486;131;77;183;164;2484;0;76
2;Anthony Edwards;23;SG;MIN;79;2871;721;1612;0,447270471;320;811;0,394574599;415;496;0,836693548;61;389;450;359;91;51;249;150;2177;0;79
3;Nikola Jokiæ;29;C;DEN;70;2571;786;1364;0,576246334;138;331;0,416918429;361;451;0,800443459;200;692;892;716;127;45;230;160;2071;34;70
4;Giannis Antetokounmpo;30;PF;MIL;67;2289;793;1319;0,60121304;14;63;0,222222222;436;707;0,61669024;147;651;798;433;58;78;206;155;2036;11;67
5;Jayson Tatum;26;PF;BOS;72;2624;662;1465;0,451877133;250;728;0,343406593;358;440;0,813636364;48;575;623;431;76;38;209;157;1932;2;72
6;Devin Booker;28;SG;PHO;75;2795;654;1420;0,46056338;183;551;0,332123412;432;483;0,894409938;76;229;305;529;67;16;220;198;1923;0;75
7;Trae Young;26;PG;ATL;76;2739;566;1376;0,411337209;218;642;0,339563863;491;561;0,875222816;36;200;236;880;91;12;355;145;1841;0;76
8;Tyler Herro;25;SG;MIA;77;2725;651;1378;0,472423803;251;670;0,374626866;287;327;0,877675841;35;364;399;424;69;17;198;85;1840;0;77
9;Cade Cunningham;23;PG;DET;70;2452;684;1457;0,46945779;149;418;0,35645933;313;370;0,845945946;56;369;425;638;71;53;309;195;1830;9;70
10;James Harden;35;PG;LAC;79;2789;531;1295;0,41003861;235;668;0,351796407;505;578;0,873702422;55;401;456;687;118;55;341;162;1802;3;79
11;Karl-Anthony Towns;29;C;NYK;72;2517;639;1215;0,525925926;142;338;0,420118343;339;409;0,828850856;212;708;920;222;71;50;192;249;1759;1;72
12;Zach LaVine;29;SF;CHI;74;2602;625;1223;0,51103843;239;536;0,445895522;235;285;0,824561404;22;293;315;310;58;12;208;121;1724;0;74
13;Jalen Green;22;SG;HOU;82;2697;608;1437;0,423103688;234;661;0,354009077;273;336;0,8125;45;332;377;282;71;27;203;127;1723;0;82
14;Stephen Curry;36;PG;GSW;70;2252;564;1258;0,448330684;311;784;0,396683673;279;299;0,933110368;40;270;310;421;80;30;200;95;1718;0;70
15;DeMar DeRozan;35;SF;SAC;77;2768;624;1308;0,47706422;84;256;0,328125;378;441;0,857142857;50;248;298;342;62;32;105;150;1710;0;77
16;LeBron James;40;SF;LAL;70;2444;651;1270;0,512598425;149;396;0,376262626;259;331;0,782477341;72;474;546;575;70;39;260;99;1710;10;70
17;Donovan Mitchell;28;SG;CLE;71;2232;585;1320;0,443181818;233;633;0,368088468;298;362;0,82320442;57;265;322;354;95;17;149;140;1701;0;71
18;Jalen Brunson;28;PG;NYK;65;2301;585;1200;0,4875;152;397;0,382871537;368;448;0,821428571;27;160;187;475;60;8;164;138;1690;0;65
19;Kevin Durant;36;PF;PHO;62;2265;592;1124;0,526690391;160;372;0,430107527;303;361;0,83933518;23;351;374;263;50;77;190;104;1647;0;62
20;Jaren Jackson Jr.;25;C;MEM;74;2207;592;1213;0,488046167;146;389;0,375321337;311;398;0,781407035;91;326;417;148;92;113;153;257;1641;0;74
21;Pascal Siakam;30;PF;IND;78;2548;613;1182;0,518612521;126;324;0,388888889;226;308;0,733766234;133;407;540;263;70;42;109;189;1578;0;78
22;Darius Garland;25;PG;CLE;75;2301;554;1174;0,471890971;212;529;0,400756144;224;255;0,878431373;47;167;214;506;91;11;189;143;1544;0;75
23;Coby White;24;SG;CHI;73;2450;508;1121;0,453166815;216;584;0,369863014;277;307;0,90228013;25;248;273;330;69;16;177;154;1509;0;74
24;Jalen Williams;23;SG;OKC;69;2237;565;1168;0,483732877;124;340;0,364705882;236;299;0,789297659;59;310;369;354;111;46;150;158;1490;0;69
25;Austin Reaves;26;SG;LAL;73;2550;477;1037;0,459980714;200;531;0,376647834;321;366;0,87704918;61;268;329;421;81;22;177;151;1475;1;73
26;De'Aaron Fox;27;PG;SAC;62;2241;539;1163;0,463456578;118;381;0,309711286;263;318;0,827044025;54;244;298;392;91;25;174;164;1459;0;62
27;Alperen ªengün;22;C;HOU;76;2395;567;1143;0,496062992;21;90;0,233333333;296;428;0,691588785;262;524;786;372;84;61;194;209;1451;4;76
28;Franz Wagner;23;SF;ORL;60;2023;537;1161;0,4625323;104;352;0,295454545;271;311;0,871382637;56;286;342;284;75;21;138;147;1449;0;60
29;Damian Lillard;34;PG;MIL;58;2093;444;992;0,447580645;197;524;0,375954198;362;393;0,921119593;29;243;272;410;70;10;162;97;1447;2;58
30;Mikal Bridges;28;SF;NYK;82;3036;592;1183;0,500422654;164;463;0,354211663;96;118;0,813559322;71;188;259;306;75;43;132;127;1444;0;82
31;Jamal Murray;27;PG;DEN;67;2418;531;1121;0,473684211;156;397;0,392947103;218;246;0,886178862;45;216;261;403;91;33;138;128;1436;0;67
32;Bam Adebayo;27;C;MIA;78;2674;540;1113;0,485175202;79;221;0,357466063;251;328;0,765243902;185;564;749;337;98;53;161;162;1410;1;78
33;Luka Donèiæ;25;PG;DAL;50;1769;461;1025;0,449756098;177;481;0,367983368;309;395;0,782278481;40;369;409;383;89;21;179;126;1408;5;50
34;Jaylen Brown;28;SF;BOS;63;2158;518;1118;0,46332737;116;358;0,324022346;246;322;0,763975155;82;286;368;286;73;19;162;154;1398;0;63
35;Michael Porter Jr.;26;SF;DEN;77;2593;528;1048;0,503816794;193;489;0,394683027;149;194;0,768041237;138;402;540;165;50;38;104;157;1398;0;77
36;Jordan Poole;25;SG;WAS;68;2001;457;1057;0,432355724;235;622;0,377813505;242;274;0,883211679;31;172;203;303;86;27;204;201;1391;0;68
37;Tyrese Maxey;24;PG;PHI;52;1960;477;1091;0,437213566;161;478;0,336820084;254;289;0,878892734;15;159;174;317;91;21;124;116;1369;1;52
38;Tyrese Haliburton;24;PG;IND;73;2451;476;1006;0,473161034;218;562;0,387900356;189;222;0,851351351;42;216;258;673;105;49;120;92;1359;0;73
39;Nikola Vuèeviæ;34;C;CHI;72;2278;550;1038;0,529865125;129;321;0,401869159;120;149;0,805369128;178;557;735;256;61;52;119;163;1349;1;73
40;Anfernee Simons;25;SG;POR;70;2292;479;1125;0,425777778;215;593;0,362563238;175;194;0,902061856;25;164;189;337;60;5;143;117;1348;0;70
41;Ivica Zubac;27;C;LAC;80;2624;592;942;0,628450106;0;0;;156;236;0,661016949;300;710;1010;214;55;90;127;168;1340;1;80
42;Domantas Sabonis;28;C;SAC;70;2429;527;893;0,590145577;65;156;0,416666667;218;289;0,75432526;267;705;972;423;48;26;202;229;1337;10;70
43;Malik Beasley;28;SG;DET;18;2283;461;1071;0,430438842;319;766;0,416449086;95;140;0,678571429;47;167;214;139;73;5;83;125;1336;0;82
44;Shaedon Sharpe;21;SG;POR;52;2252;499;1104;0,451992754;147;472;0,311440678;190;242;0,785123967;68;256;324;198;62;16;150;120;1335;0;72
45;OG Anunoby;27;PF;NYK;74;2706;489;1027;0,476144109;171;460;0,37173913;183;226;0,809734513;97;261;358;164;110;65;102;172;1332;0;74
46;Desmond Bane;26;SG;MEM;68;2205;493;1018;0,484282908;164;418;0,392344498;177;198;0,893939394;62;356;418;369;80;28;169;164;1327;1;69
47;Evan Mobley;23;PF;CLE;71;2167;505;906;0,557395143;85;230;0,369565217;221;305;0,724590164;164;495;659;226;61;113;145;141;1316;0;71
48;Norman Powell;31;SG;LAC;60;1958;457;945;0,483597884;179;428;0,418224299;213;265;0,803773585;21;169;190;125;73;9;108;114;1306;0;60
49;Miles Bridges;26;PF;CHO;64;2029;469;1089;0,43067034;141;450;0,313333333;221;254;0,87007874;72;409;481;248;44;45;136;93;1300;1;64
50;Julius Randle;30;PF;MIN;69;2226;455;939;0,48455804;108;314;0,343949045;270;335;0,805970149;144;343;487;323;47;16;196;175;1288;0;69
51;Anthony Davis;31;C;DAL;51;1706;470;910;0,516483516;35;124;0,282258065;286;369;0,775067751;134;456;590;181;59;110;113;98;1261;1;51
52;Scottie Barnes;23;PF;TOR;65;2134;474;1063;0,445907808;76;280;0,271428571;228;302;0,754966887;109;393;502;378;93;63;185;113;1252;1;65
53;Derrick White;30;SG;BOS;76;2574;424;959;0,442127216;265;691;0,383502171;135;161;0,838509317;67;274;341;361;72;80;131;138;1248;0;76
54;Kyrie Irving;32;SG;DAL;50;1804;447;945;0,473015873;144;359;0,401114206;196;214;0,91588785;60;180;240;231;66;23;111;101;1234;0;50
55;RJ Barrett;24;SF;TOR;58;1869;460;982;0,468431772;107;306;0,349673203;196;311;0,63022508;61;305;366;314;46;17;165;137;1223;2;58
56;Deni Avdija;24;SF;POR;54;2161;402;844;0,476303318;125;342;0,365497076;290;372;0,779569892;110;412;522;281;71;35;196;171;1219;2;72
57;Christian Braun;23;SG;DEN;77;2675;476;821;0,579780755;89;224;0,397321429;177;214;0,827102804;98;312;410;205;85;37;81;170;1218;0;79
58;Paolo Banchero;22;PF;ORL;46;1582;412;911;0,452250274;87;272;0,319852941;280;385;0,727272727;51;294;345;219;36;28;136;97;1191;0;46
59;Stephon Castle;20;PG;SAS;47;2162;423;988;0,428137652;95;333;0,285285285;249;344;0,723837209;89;208;297;332;74;22;177;164;1190;0;81
60;LaMelo Ball;23;PG;CHO;47;1505;406;1003;0,404785643;179;528;0,339015152;193;229;0,84279476;47;185;232;346;54;13;167;157;1184;0;47
61;CJ McCollum;33;PG;NOP;56;1832;444;1000;0,444;171;459;0,37254902;124;173;0,716763006;42;170;212;227;46;24;106;124;1183;0;56
62;Ja Morant;25;PG;MEM;50;1519;404;889;0,454443195;88;285;0,30877193;263;319;0,824451411;34;171;205;364;61;12;185;113;1159;1;50
63;Collin Sexton;26;SG;UTA;61;1758;416;867;0,479815456;110;271;0,405904059;217;251;0,864541833;60;111;171;264;47;6;160;144;1159;0;63
64;Bennedict Mathurin;22;SF;IND;49;2149;391;853;0,458382181;98;288;0,340277778;276;332;0,831325301;87;296;383;136;47;24;135;162;1156;0;72
65;Payton Pritchard;27;PG;BOS;3;2271;409;866;0,472286374;255;626;0,407348243;71;84;0,845238095;102;205;307;279;70;14;83;118;1144;0;80
66;Naz Reid;25;C;MIN;17;2200;426;923;0,461538462;175;462;0,378787879;111;143;0,776223776;92;388;480;181;58;72;108;189;1138;0;80
67;Keyonte George;21;PG;UTA;35;2109;359;919;0,390642002;174;507;0,343195266;233;285;0,81754386;26;227;253;377;46;9;183;111;1125;0;67
68;Trey Murphy III;24;SF;NOP;51;1854;381;839;0,454112038;158;438;0,360730594;204;230;0,886956522;47;221;268;188;56;39;103;112;1124;0;53
69;Myles Turner;28;C;IND;72;2174;390;811;0,480887793;156;394;0,395939086;184;238;0,773109244;90;381;471;111;54;144;123;183;1120;0;72
70;Malik Monk;26;SG;SAC;45;2054;412;939;0,438764643;139;428;0,324766355;154;178;0,865168539;30;215;245;362;61;38;159;158;1117;0;65
71;Victor Wembanyama;21;C;SAS;46;1527;408;857;0,476079347;142;403;0,35235732;158;189;0,835978836;82;424;506;168;52;176;149;105;1116;1;46
72;Jarrett Allen;26;C;CLE;82;2296;452;640;0,70625;0;5;0;199;277;0,718411552;216;582;798;158;77;73;97;127;1103;0;82
73;Quentin Grimes;24;SG;DAL;37;2013;384;823;0,466585662;162;421;0,3847981;162;214;0,757009346;59;265;324;228;74;22;141;138;1092;0;75
74;De'Andre Hunter;27;SF;ATL;9;1740;358;762;0,469816273;157;388;0,404639175;215;254;0,846456693;44;214;258;92;50;13;82;155;1088;0;64
75;Andrew Wiggins;29;SF;GSW;60;1842;376;839;0,448152563;130;348;0,373563218;196;257;0,762645914;89;180;269;158;60;50;99;101;1078;0;60
76;Dyson Daniels;21;SG;ATL;76;2571;455;923;0,492957746;80;235;0,340425532;83;140;0,592857143;124;325;449;333;229;55;155;175;1073;0;76
77;Cameron Johnson;28;PF;BRK;57;1800;355;747;0,47523427;159;408;0,389705882;201;225;0,893333333;54;193;247;194;53;25;99;104;1070;0;57
78;Dillon Brooks;29;SF;HOU;75;2388;384;895;0,429050279;186;469;0,396588486;99;121;0,818181818;75;200;275;128;60;16;76;242;1053;0;75
79;Josh Hart;29;SG;NYK;77;2897;404;770;0,524675325;84;252;0,333333333;159;205;0,775609756;161;576;737;453;119;27;158;201;1051;9;77
80;Brook Lopez;36;C;MIL;80;2546;394;774;0,509043928;139;373;0,372654155;114;138;0,826086957;113;288;401;143;50;148;84;171;1041;0;80
81;Devin Vassell;24;SG;SAS;53;1983;394;889;0,443194601;158;429;0,368298368;95;120;0,791666667;34;221;255;183;84;33;88;108;1041;0;64
82;Josh Giddey;22;PG;CHI;69;2117;371;798;0,464912281;105;278;0,377697842;175;224;0,78125;127;439;566;503;84;45;202;122;1022;7;70
83;Harrison Barnes;32;PF;SAS;82;2230;347;683;0,508052709;156;360;0,433333333;161;199;0,809045226;97;213;310;136;39;14;50;75;1011;0;82
84;Klay Thompson;34;SF;DAL;72;1965;361;877;0,411630559;216;553;0,390596745;67;74;0,905405405;44;202;246;145;50;30;88;81;1005;0;72
85;Tobias Harris;32;PF;DET;73;2305;384;805;0,477018634;91;264;0,34469697;143;166;0,861445783;65;367;432;162;74;57;85;138;1002;0;73
86;Jaden McDaniels;24;PF;MIN;82;2614;398;834;0,477218225;100;303;0,330033003;104;128;0,8125;129;341;470;163;110;74;95;225;1000;0;82
87;Russell Westbrook;36;PG;DEN;36;2092;373;831;0,448856799;94;291;0,323024055;154;233;0,660944206;102;268;370;457;106;37;242;188;994;4;75
88;Onyeka Okongwu;24;C;ATL;40;2064;388;684;0,567251462;48;148;0,324324324;164;216;0,759259259;220;440;660;168;69;68;90;193;988;0;74
89;Dennis Schröder;31;PG;BRK;49;2105;336;827;0,406287787;127;371;0,342318059;181;216;0,837962963;27;171;198;404;66;12;142;180;980;0;75
90;Keldon Johnson;25;SF;SAS;0;1838;371;770;0,481818182;87;274;0,317518248;150;194;0,773195876;112;259;371;125;49;22;77;115;979;0;77
91;Amen Thompson;22;SF;HOU;42;2225;388;697;0,556671449;25;91;0,274725275;169;247;0,684210526;192;372;564;265;97;89;138;167;970;3;69
92;Jimmy Butler;35;PF;GSW;55;1746;301;597;0,504187605;32;104;0,307692308;330;392;0,841836735;125;171;296;298;77;18;74;52;964;3;55
93;Kyle Kuzma;29;PF;MIL;62;1936;370;848;0,436320755;96;313;0,306709265;128;202;0,633663366;54;316;370;152;36;19;146;119;964;0;65
94;Keegan Murray;24;PF;SAC;76;2610;364;820;0,443902439;154;449;0,34298441;60;72;0,833333333;146;361;507;109;61;69;60;186;942;0;76
95;Zaccharie Risacher;19;SF;ATL;73;1843;357;779;0,458279846;122;344;0,354651163;106;149;0,711409396;86;182;268;92;52;37;92;149;942;0;75
96;Jalen Duren;21;C;DET;78;2034;378;546;0,692307692;0;0;;162;242;0,669421488;277;530;807;209;54;89;136;251;918;0;78
97;Naji Marshall;27;SF;DAL;31;1919;362;712;0,508426966;60;218;0,275229358;130;160;0,8125;76;252;328;208;70;11;112;109;914;0;69
98;Aaron Wiggins;26;SG;OKC;26;1744;355;728;0,487637363;130;339;0,383480826;74;89;0,831460674;81;214;295;134;60;18;69;101;914;0;76
99;Buddy Hield;32;SG;GSW;22;1863;328;786;0,417302799;203;549;0,369763206;53;64;0,828125;51;213;264;134;69;23;91;132;912;0;82
100;Kelly Oubre Jr.;29;SF;PHI;57;2078;348;741;0,469635628;71;242;0,29338843;139;185;0,751351351;97;271;368;108;92;30;80;180;906;0;60
101;Bradley Beal;31;SG;PHO;38;1702;345;694;0,497118156;102;264;0,386363636;110;137;0,802919708;34;143;177;195;58;28;99;136;902;0;53
102;Lauri Markkanen;27;PF;UTA;47;1476;296;700;0,422857143;138;399;0,345864662;162;185;0,875675676;72;206;278;70;33;17;66;79;892;0;47
103;Toumani Camara;24;PF;POR;78;2548;328;716;0,458100559;135;360;0,375;91;126;0,722222222;173;277;450;175;116;50;109;230;882;0;78
104;Ty Jerome;27;SG;CLE;3;1392;319;618;0,51618123;111;253;0,438735178;129;148;0,871621622;50;123;173;237;78;3;92;102;878;0;70
105;Spencer Dinwiddie;31;PG;DAL;30;2136;284;682;0,416422287;109;326;0,334355828;195;243;0,802469136;18;191;209;349;70;17;102;121;872;0;79
106;Alex Sarr;19;C;WAS;67;1814;326;828;0,393719807;105;341;0,307917889;112;165;0,678787879;124;311;435;161;44;101;114;146;869;0;67
107;Rudy Gobert;32;C;MIN;72;2388;341;510;0,668627451;0;0;;184;273;0,673992674;265;520;785;127;56;104;89;182;866;0;72
108;Tim Hardaway Jr.;32;SG;DET;77;2153;276;680;0,405882353;168;457;0,36761488;124;145;0,855172414;18;165;183;123;38;7;48;96;844;0;77
109;Fred VanVleet;30;PG;HOU;60;2111;287;759;0,378129117;159;461;0,344902386;111;137;0,810218978;32;189;221;333;94;25;87;140;844;0;60
110;Jonas Valanèi?nas;32;C;SAC;21;1524;345;627;0,550239234;8;37;0,216216216;145;165;0,878787879;190;437;627;164;37;46;120;181;843;0;81
111;Keon Johnson;22;SG;BRK;56;1925;303;779;0,388960205;126;401;0,314214464;107;139;0,769784173;63;234;297;175;82;30;116;209;839;0;79
112;Scoot Henderson;20;PG;POR;10;1759;287;685;0,418978102;105;297;0,353535354;158;206;0,766990291;52;146;198;335;68;13;177;181;837;0;66
113;P.J. Washington;26;PF;DAL;56;1835;301;665;0,452631579;91;239;0,380753138;143;198;0,722222222;82;360;442;131;63;60;118;131;836;0;57
114;Obi Toppin;26;PF;IND;4;1545;317;599;0,529215359;110;301;0,365448505;89;114;0,780701754;56;262;318;128;46;28;68;108;833;0;79
115;Tyus Jones;28;PG;PHO;58;2174;306;683;0,448023426;166;401;0,413965087;51;57;0,894736842;40;156;196;429;69;8;91;63;829;0;81
116;Jakob Poeltl;29;C;TOR;56;1686;363;579;0,626943005;1;3;0,333333333;97;144;0,673611111;189;358;547;158;66;71;111;176;824;0;57
117;Gary Trent Jr.;26;SG;MIL;9;1893;283;657;0,430745814;180;433;0,415704388;78;92;0,847826087;20;148;168;87;72;4;42;124;824;0;74
118;Jaylen Wells;21;SG;MEM;74;2043;287;676;0,424556213;138;392;0,352040816;111;135;0,822222222;87;181;268;135;44;8;69;146;823;0;79
119;Kristaps Porzi??is;29;C;BOS;42;1210;277;574;0,482578397;103;250;0,412;161;199;0,809045226;68;216;284;87;31;63;53;116;818;0;42
120;Duncan Robinson;30;SF;MIA;37;1785;290;663;0,437405732;190;483;0,393374741;47;53;0,886792453;18;149;167;176;40;6;86;135;817;0;74
121;Julian Champagnie;23;SF;SAS;29;1932;276;665;0,415037594;178;480;0,370833333;85;94;0,904255319;67;251;318;111;61;35;74;114;815;0;82
122;Santi Aldama;24;PF;MEM;16;1660;313;648;0,483024691;120;326;0,36809816;65;94;0,691489362;94;322;416;188;52;29;71;76;811;0;65
123;Bub Carrington;19;PG;WAS;57;2458;300;748;0,401069519;138;407;0,339066339;69;85;0,811764706;33;308;341;364;54;21;141;190;807;0;82
124;Kawhi Leonard;33;SF;LAC;37;1180;310;623;0,497592295;78;190;0,410526316;98;121;0,809917355;35;184;219;116;59;17;72;56;796;0;37
125;Georges Niang;31;PF;ATL;3;1697;286;620;0,461290323;166;409;0,405867971;46;58;0,793103448;47;225;272;111;28;14;82;201;784;0;79
126;Derrick Jones Jr.;27;SF;LAC;55;1873;310;589;0,526315789;78;219;0,356164384;83;118;0,703389831;93;170;263;60;79;33;66;153;781;0;77
127;Scotty Pippen Jr.;24;PG;MEM;21;1683;285;594;0,47979798;87;219;0,397260274;122;171;0,713450292;65;194;259;347;103;30;138;203;779;1;79
128;Gradey Dick;21;SG;TOR;54;1587;265;647;0,409582689;114;326;0,349693252;133;155;0,858064516;44;149;193;98;48;10;83;120;777;0;54
129;Caris LeVert;30;SF;ATL;3;1596;280;599;0,467445743;106;284;0,373239437;110;155;0,709677419;41;162;203;215;57;33;76;99;776;0;64
130;Rui Hachimura;26;PF;LAL;57;1869;293;576;0,508680556;102;247;0,412955466;87;113;0,769911504;79;216;295;83;45;26;49;105;775;0;59
131;Nickeil Alexander-Walker;26;SG;MIN;10;2073;270;616;0,438311688;141;370;0,381081081;92;118;0,779661017;54;211;265;223;50;34;99;139;773;0;82
132;Brice Sensabaugh;21;SF;UTA;15;1432;275;599;0,459098497;157;372;0,422043011;65;73;0,890410959;42;168;210;110;46;8;107;111;772;0;71
133;Kevin Porter Jr.;24;SG;LAC;4;1482;293;652;0,449386503;55;177;0,310734463;130;169;0,769230769;42;236;278;256;81;13;136;119;771;1;75
134;Guerschon Yabusele;29;C;PHI;43;1895;282;563;0,500888099;104;274;0,379562044;100;138;0,724637681;134;261;395;148;58;24;87;164;768;0;70
135;John Collins;27;PF;UTA;31;1220;280;531;0,527306968;59;148;0,398648649;139;164;0,847560976;89;238;327;80;39;40;103;116;758;0;40
136;Isaiah Joe;25;SG;OKC;16;1604;259;588;0,44047619;192;466;0,412017167;46;56;0,821428571;41;155;196;119;48;9;38;113;756;0;74
137;Jalen Wilson;24;PF;BRK;22;2031;246;620;0,396774194;122;362;0,337016575;135;165;0,818181818;75;195;270;145;40;5;79;164;749;0;79
138;Max Christie;21;SG;DAL;36;2127;252;590;0,427118644;115;314;0,366242038;130;152;0,855263158;38;220;258;146;64;31;88;115;749;0;78
139;Aaron Gordon;29;PF;DEN;42;1447;264;497;0,531187123;75;172;0,436046512;145;179;0,810055866;80;167;247;164;23;14;73;82;748;0;51
140;Brandin Podziemski;21;SG;GSW;33;1716;280;629;0,445151033;115;309;0,372168285;72;95;0,757894737;65;260;325;220;69;13;75;95;747;0;64
141;Zion Williamson;24;PF;NOP;30;857;288;508;0,566929134;3;13;0,230769231;158;241;0,65560166;76;140;216;159;37;27;90;82;737;2;30
142;Anthony Black;21;PG;ORL;10;1887;262;620;0,422580645;62;195;0,317948718;150;197;0,76142132;52;178;230;240;86;48;139;166;736;0;78
143;D'Angelo Russell;28;PG;BRK;36;1480;249;638;0,390282132;113;360;0,313888889;121;145;0,834482759;20;142;162;297;56;23;108;115;732;0;58
144;Bilal Coulibaly;20;SF;WAS;59;1948;263;624;0,421474359;63;224;0,28125;138;185;0,745945946;91;203;294;199;78;41;125;139;727;1;59
145;Nic Claxton;25;C;BRK;62;1882;320;568;0,563380282;5;21;0,238095238;79;154;0,512987013;157;358;515;157;62;100;87;150;724;0;70
146;Moses Moody;22;SG;GSW;34;1649;246;568;0,433098592;126;337;0,37388724;106;133;0,796992481;52;137;189;96;59;31;54;116;724;0;74
147;Donte DiVincenzo;28;SG;MIN;10;1606;250;593;0,42158516;174;438;0,397260274;49;63;0,777777778;32;196;228;225;73;17;99;114;723;0;62
148;Chris Paul;39;PG;SAS;82;2292;249;583;0,427101201;140;371;0,377358491;85;92;0,923913043;33;263;296;605;103;22;129;151;723;0;82
149;T.J. McConnell;32;PG;IND;1;1415;324;624;0,519230769;15;49;0,306122449;57;77;0,74025974;44;149;193;351;83;21;109;79;720;0;79
150;Luguentz Dort;25;SF;OKC;71;2073;258;593;0,435075885;170;413;0,411622276;33;46;0,717391304;89;204;293;115;79;39;51;208;719;0;71
151;Jonathan Kuminga;22;PF;GSW;10;1144;258;568;0,454225352;46;151;0,304635762;157;235;0,668085106;56;161;217;104;38;21;71;90;719;0;47
152;Dalton Knecht;23;SF;LAL;16;1494;257;557;0,461400359;128;340;0,376470588;64;84;0,761904762;37;179;216;66;24;8;37;93;706;0;78
153;Corey Kispert;25;SF;WAS;0;1602;255;565;0,451327434;120;330;0,363636364;75;88;0,852272727;36;145;181;103;26;14;64;98;705;0;61
154;Daniel Gafford;26;C;DAL;31;1226;283;403;0,702233251;0;0;;135;196;0,68877551;155;233;388;80;23;102;66;152;701;0;57
155;Jabari Smith Jr.;21;PF;HOU;39;1716;248;566;0,438162544;98;277;0,353790614;104;126;0,825396825;105;294;399;60;25;41;61;123;698;0;57
156;Amir Coffey;27;SG;LAC;13;1748;240;510;0,470588235;101;247;0,408906883;115;129;0,891472868;32;129;161;77;40;7;45;120;696;0;72
157;Kyle Filipowski;21;C;UTA;27;1522;260;518;0,501930502;77;220;0,35;93;143;0,65034965;112;328;440;140;48;22;102;171;690;0;72
158;Matas Buzelis;20;SF;CHI;31;1511;252;555;0,454054054;96;266;0,360902256;88;108;0,814814815;55;223;278;79;29;75;74;128;688;0;80
159;Tari Eason;23;PF;HOU;16;1420;272;559;0,486583184;63;184;0,342391304;79;104;0,759615385;128;234;362;83;97;50;65;136;686;0;57
160;Jrue Holiday;34;PG;BOS;62;1896;254;573;0,443280977;108;306;0,352941176;70;77;0,909090909;76;189;265;239;66;27;77;101;686;0;62
161;Kevin Huerter;26;SG;CHI;31;1679;257;604;0,425496689;132;391;0,337595908;35;49;0,714285714;30;175;205;156;66;23;67;121;681;0;69
162;Grayson Allen;29;SG;PHO;7;1544;219;489;0,447852761;149;350;0,425714286;93;114;0,815789474;34;160;194;137;54;19;75;95;680;0;64
163;Jalen Johnson;23;SF;ATL;36;1284;271;542;0,5;44;141;0,312056738;94;126;0,746031746;62;297;359;181;56;36;106;67;680;1;36
164;Royce O'Neale;31;SF;PHO;22;1837;241;570;0,422807018;179;441;0,405895692;19;26;0,730769231;53;296;349;163;67;34;65;151;680;0;75
165;Bobby Portis;29;PF;MIL;7;1244;277;595;0,465546218;65;178;0,365168539;61;73;0,835616438;90;321;411;104;35;26;57;94;680;0;49
166;Terry Rozier;30;PG;MIA;23;1658;248;635;0,390551181;91;308;0,295454545;92;108;0,851851852;44;194;238;167;37;14;78;73;679;0;64
167;Jerami Grant;30;PF;POR;47;1524;214;574;0,3728223;108;296;0,364864865;141;166;0,84939759;26;137;163;101;41;46;65;109;677;0;47
168;Kentavious Caldwell-Pope;31;SG;ORL;77;2279;239;544;0,439338235;113;330;0,342424242;82;95;0,863157895;33;136;169;136;99;34;62;136;673;0;77
169;Mark Williams;23;C;CHO;41;1171;270;447;0,604026846;0;4;0;131;163;0,803680982;132;315;447;109;32;54;71;105;671;0;44
170;Ochai Agbaji;24;SG;TOR;45;1739;266;534;0,498127341;101;253;0,399209486;34;48;0,708333333;61;181;242;98;58;30;54;125;667;0;64
171;Keon Ellis;25;SG;SAC;28;1948;227;464;0,489224138;139;321;0,433021807;73;86;0,848837209;60;152;212;120;121;63;71;176;666;0;80
172;Paul George;34;PF;PHI;41;1334;245;570;0,429824561;96;268;0,358208955;79;97;0,81443299;24;195;219;178;75;20;106;101;665;0;41
173;Yves Missi;20;C;NOP;67;1956;269;492;0,546747967;0;1;0;127;204;0,62254902;255;346;601;99;37;98;82;145;665;0;73
174;Taurean Prince;30;SF;MIL;73;2166;235;514;0,457198444;147;335;0,43880597;39;48;0,8125;34;253;287;155;76;15;82;165;656;0;80
175;Andrew Nembhard;25;SG;IND;65;1881;247;539;0,45825603;51;175;0,291428571;108;136;0,794117647;34;182;216;326;79;11;112;149;653;0;65
176;Walker Kessler;23;C;UTA;58;1740;278;419;0,663484487;6;34;0,176470588;79;152;0,519736842;266;441;707;97;36;138;86;130;641;0;58
177;Isaiah Hartenstein;26;C;OKC;53;1590;279;480;0,58125;0;19;0;79;117;0,675213675;163;448;611;219;47;62;96;171;637;0;57
178;Ziaire Williams;23;SF;BRK;45;1541;214;520;0,411538462;103;302;0,341059603;101;123;0,821138211;61;226;287;84;62;28;67;149;632;0;63
179;Cole Anthony;24;PG;ORL;22;1234;230;543;0,423572744;77;218;0,353211009;93;113;0,82300885;46;158;204;191;45;32;103;151;630;0;67
180;Wendell Carter Jr.;25;C;ORL;51;1758;226;491;0,460285132;37;158;0,234177215;129;175;0,737142857;151;341;492;134;52;41;77;199;618;0;68
181;Jeremy Sochan;21;PF;SAS;23;1364;251;469;0,535181237;28;91;0,307692308;87;125;0,696;127;225;352;128;45;27;84;131;617;0;54
182;Isaiah Collier;20;PG;UTA;46;1839;234;555;0,421621622;42;169;0,24852071;105;154;0,681818182;32;203;235;446;66;16;208;149;615;0;71
183;Draymond Green;34;PF;GSW;66;1983;216;509;0,424361493;80;246;0,325203252;101;147;0,68707483;74;340;414;383;99;70;174;219;613;1;68
184;Miles McBride;24;PG;NYK;10;1593;222;547;0,405850091;115;312;0,368589744;52;64;0,8125;47;114;161;187;67;17;41;108;611;0;64
185;Zach Edey;22;C;MEM;55;1416;251;433;0,579676674;18;52;0,346153846;90;127;0,708661417;232;316;548;65;36;85;88;182;610;0;66
186;Sam Hauser;27;PF;BOS;19;1541;214;474;0,451476793;166;399;0,4160401;11;11;1;44;180;224;64;41;13;23;87;605;0;71
187;Jordan Hawkins;22;SG;NOP;9;1321;207;556;0,372302158;110;332;0,331325301;80;98;0,816326531;25;133;158;66;30;23;58;51;604;0;56
188;Jordan Clarkson;32;SG;UTA;9;962;201;493;0,407707911;84;232;0,362068966;114;143;0,797202797;25;93;118;138;31;9;86;52;600;0;37
189;Cam Thomas;23;SG;BRK;23;781;199;454;0,438325991;68;195;0,348717949;133;151;0,880794702;15;68;83;94;15;2;62;44;599;0;25
190;Kel'el Ware;20;C;MIA;36;1422;257;464;0,55387931;35;111;0,315315315;46;67;0,686567164;116;357;473;60;39;71;57;111;595;0;64
191;Ausar Thompson;22;SF;DET;48;1328;246;460;0,534782609;11;49;0,224489796;91;142;0,64084507;111;192;303;134;98;40;80;164;594;0;59
192;Nick Smith Jr.;20;SG;CHO;27;1369;222;568;0,39084507;104;306;0,339869281;43;46;0,934782609;13;115;128;145;17;6;82;79;591;0;60
193;Kyshawn George;21;SG;WAS;38;1802;203;546;0,371794872;114;354;0,322033898;70;93;0,752688172;49;236;285;169;68;50;97;201;590;0;68
194;Julian Strawther;22;SG;DEN;4;1384;210;486;0,432098765;94;269;0,349442379;74;90;0,822222222;17;125;142;83;39;16;57;151;588;0;65
195;Davion Mitchell;26;PG;MIA;37;2027;223;476;0,468487395;84;211;0,398104265;58;84;0,69047619;35;132;167;363;72;16;128;185;588;0;74
196;Bogdan Bogdanoviæ;32;SG;ATL;4;1348;210;492;0,426829268;105;289;0,363321799;58;66;0,878787879;24;135;159;146;41;11;74;127;583;0;54
197;Mike Conley;37;PG;MIN;64;1756;187;468;0,39957265;127;310;0,409677419;81;90;0,9;32;150;182;319;79;14;75;111;582;0;71
198;Jose Alvarado;26;PG;NOP;23;1366;204;521;0,391554702;111;309;0,359223301;60;74;0,810810811;27;109;136;259;74;14;86;91;579;0;56
199;Deandre Ayton;26;C;POR;40;1206;265;468;0,566239316;6;32;0,1875;40;60;0,666666667;124;282;406;64;31;39;69;88;576;0;40
200;Luke Kennard;28;SG;MEM;11;1472;206;431;0,477958237;113;261;0,432950192;51;57;0,894736842;37;146;183;215;50;5;72;59;576;0;65
201;Johnny Juzang;23;SG;UTA;18;1270;204;475;0,429473684;118;314;0,375796178;45;53;0,849056604;42;142;184;68;39;8;36;126;571;0;64
202;Jaime Jaquez Jr.;23;SF;MIA;17;1368;213;462;0,461038961;37;119;0,31092437;107;142;0,753521127;84;206;290;166;61;14;98;81;570;1;66
203;Brandon Miller;22;SF;CHO;27;924;198;491;0,403258656;104;293;0,354948805;68;79;0,860759494;25;106;131;98;29;20;76;74;568;0;27
204;Cason Wallace;21;SG;OKC;43;1876;232;489;0,474437628;74;208;0,355769231;30;37;0,810810811;71;158;229;173;120;35;59;145;568;0;68
205;Jalen Suggs;23;PG;ORL;35;1002;197;481;0,40956341;76;242;0,314049587;97;110;0,881818182;23;118;141;129;51;33;102;98;567;0;35
206;Ayo Dosunmu;25;SG;CHI;26;1394;221;449;0,4922049;62;189;0,328042328;62;79;0,784810127;26;135;161;208;43;18;69;105;566;1;46
207;Patrick Williams;23;PF;CHI;36;1576;205;516;0,397286822;96;272;0,352941176;60;83;0,722891566;43;194;237;124;48;32;86;88;566;0;63
208;Immanuel Quickley;25;PG;TOR;33;918;184;438;0,420091324;85;225;0,377777778;111;128;0,8671875;16;101;117;191;23;4;58;61;564;0;33
209;Dalano Banton;25;PG;POR;7;1120;198;507;0,390532544;72;222;0,324324324;91;125;0,728;30;105;135;160;43;34;86;58;559;0;67
210;Peyton Watson;22;SF;DEN;18;1656;204;428;0,476635514;48;136;0,352941176;95;137;0,693430657;47;186;233;94;48;93;56;123;551;0;68
211;Dorian Finney-Smith;31;PF;BRK;40;1818;195;435;0,448275862;129;314;0,410828025;30;45;0,666666667;80;167;247;90;58;23;56;136;549;0;63
212;Justin Champagnie;23;SF;WAS;31;1340;210;411;0,510948905;74;193;0,383419689;50;73;0,684931507;112;239;351;60;65;39;54;110;544;0;62
213;Dejounte Murray;28;PG;NOP;31;1012;194;494;0,392712551;52;174;0,298850575;102;124;0,822580645;17;183;200;228;63;12;106;61;542;1;31
214;A.J. Green;25;SG;MIL;7;1659;182;424;0,429245283;155;363;0,426997245;22;27;0,814814815;18;156;174;108;37;7;40;157;541;0;73
215;Aaron Nesmith;25;SF;IND;37;1123;192;379;0,506596306;84;195;0,430769231;73;80;0,9125;37;141;178;54;35;17;37;114;541;0;45
216;Jared Butler;24;PG;PHI;17;1044;203;453;0,44812362;60;169;0,355029586;75;91;0,824175824;25;85;110;220;42;13;80;97;541;0;60
217;Al Horford;38;C;BOS;42;1659;195;461;0,422993492;114;314;0,363057325;34;38;0,894736842;79;290;369;128;36;51;46;81;538;0;60
218;Brandon Clarke;28;PF;MEM;18;1207;236;380;0,621052632;1;17;0,058823529;61;87;0,701149425;127;199;326;66;52;36;41;145;534;0;64
219;Tristan Da Silva;23;SF;ORL;38;1629;199;483;0,412008282;80;239;0,334728033;55;63;0,873015873;73;172;245;113;33;18;56;94;533;0;74
220;Jamal Shead;22;PG;TOR;11;1467;204;504;0,404761905;72;223;0,322869955;53;69;0,768115942;30;85;115;316;58;10;117;158;533;0;75
221;Ricky Council IV;23;SF;PHI;12;1250;177;463;0,382289417;55;213;0,258215962;123;153;0,803921569;51;163;214;97;32;13;52;67;532;0;73
222;Nick Richards;27;C;CHO;43;1256;205;347;0,590778098;0;2;0;119;160;0,74375;148;318;466;49;14;55;81;141;529;0;57
223;Jaden Ivey;22;SG;DET;30;898;190;413;0,460048426;63;154;0,409090909;85;116;0,732758621;40;84;124;119;28;11;89;67;528;0;30
224;Jalen Smith;24;C;CHI;2;962;190;408;0,465686275;72;222;0,324324324;72;89;0,808988764;89;268;357;65;17;44;37;95;524;0;64
225;Tyrese Martin;25;SG;BRK;11;1315;189;465;0,406451613;99;282;0,35106383;46;58;0,793103448;58;161;219;122;34;9;74;77;523;0;60
226;Ron Holland;19;SF;DET;2;1266;197;416;0,473557692;36;151;0,238410596;92;122;0,754098361;40;178;218;82;49;17;72;141;522;0;81
227;Terance Mann;28;SG;ATL;13;1414;205;413;0,496368039;60;163;0,36809816;47;68;0,691176471;68;131;199;121;47;15;47;128;517;0;67
228;Ryan Dunn;22;SF;PHO;44;1410;205;477;0,429769392;82;264;0,310606061;19;39;0,487179487;92;175;267;57;44;40;40;162;511;0;74
229;Sam Merrill;28;SG;CLE;4;1401;172;424;0,405660377;137;368;0,372282609;28;29;0,965517241;38;119;157;108;53;14;35;124;509;0;71
230;Josh Green;24;SG;CHO;67;1887;180;421;0,427553444;97;248;0,391129032;49;72;0,680555556;56;116;172;108;74;15;70;165;506;0;68
231;Goga Bitadze;25;C;ORL;42;1430;207;339;0,610619469;3;28;0,107142857;85;133;0,639097744;167;296;463;137;49;98;72;150;502;0;70
232;Chris Boucher;32;PF;TOR;0;862;182;370;0,491891892;70;193;0,362694301;68;87;0,781609195;70;154;224;33;24;25;29;68;502;0;50
233;Cameron Payne;30;PG;NYK;5;1090;179;446;0,401345291;93;256;0,36328125;49;54;0,907407407;14;90;104;203;39;16;52;111;500;0;72
234;Jaden Hardy;22;SG;DAL;3;907;180;414;0,434782609;76;197;0,385786802;60;86;0,697674419;9;80;89;81;28;5;82;90;496;0;57
235;Nikola Joviæ;21;PF;MIA;10;1156;172;377;0,456233422;78;210;0,371428571;72;87;0,827586207;26;154;180;131;38;13;60;82;494;0;46
236;Clint Capela;30;C;ATL;41;1176;218;390;0,558974359;0;1;0;52;97;0,536082474;174;295;469;62;34;53;47;106;488;0;55
237;Chet Holmgren;22;C;OKC;32;877;167;341;0,48973607;44;116;0,379310345;101;134;0,753731343;48;209;257;63;23;71;56;72;479;0;32
238;Haywood Highsmith;28;SF;MIA;42;1818;179;391;0,457800512;89;233;0,381974249;31;43;0,720930233;72;180;252;112;68;37;54;164;478;0;74
239;Cam Whitmore;20;SF;HOU;3;827;179;403;0,444168734;65;183;0,355191257;54;72;0,75;36;115;151;49;31;13;46;44;477;0;51
240;Kris Dunn;30;PG;LAC;58;1783;192;437;0,439359268;75;224;0,334821429;15;22;0,681818182;53;198;251;210;128;27;74;197;474;0;74
241;Max Strus;28;SF;CLE;37;1273;165;373;0,442359249;113;293;0,385665529;28;34;0,823529412;53;164;217;158;26;12;54;104;471;0;50
242;Jarace Walker;21;PF;IND;5;1187;170;360;0,472222222;75;185;0,405405405;46;69;0,666666667;25;204;229;110;54;25;78;115;461;0;75
243;Gabe Vincent;28;PG;LAL;11;1527;168;420;0,4;109;309;0,352750809;15;21;0,714285714;20;72;92;98;51;13;41;152;460;0;72
244;Jake LaRavia;23;PF;MEM;0;1349;160;337;0,474777448;60;142;0,422535211;78;115;0,67826087;90;169;259;158;62;23;86;132;458;0;66
245;Jusuf Nurkiæ;30;C;CHO;32;1063;168;352;0,477272727;32;105;0,304761905;85;128;0,6640625;85;313;398;115;40;34;97;130;453;0;51
246;Joel Embiid;30;C;PHI;19;574;140;315;0,444444444;23;77;0,298701299;149;169;0,881656805;36;119;155;85;14;18;62;42;452;1;19
247;Trey Lyles;29;PF;SAC;5;1349;157;374;0,419786096;81;238;0,340336134;56;80;0,7;80;236;316;82;41;23;39;86;451;0;69
248;Trendon Watford;24;PF;BRK;6;913;164;350;0,468571429;29;88;0,329545455;93;122;0,762295082;37;123;160;115;27;12;83;95;450;0;44
249;Ja'Kobe Walter;20;SG;TOR;18;1103;159;393;0,404580153;65;186;0,349462366;66;83;0,795180723;59;101;160;81;43;10;50;95;449;0;52
250;Brandon Boston Jr.;23;SG;NOP;10;993;166;381;0,435695538;49;140;0,35;67;85;0,788235294;28;106;134;92;53;9;52;73;448;0;42
251;Simone Fontecchio;29;SF;DET;0;1237;150;373;0,402144772;76;227;0,334801762;70;84;0,833333333;52;163;215;65;31;12;54;95;446;0;75
252;Justin Edwards;21;SF;PHI;26;1155;172;378;0,455026455;69;190;0,363157895;32;46;0,695652174;46;102;148;69;45;16;49;98;445;0;44
253;Seth Curry;34;SG;CHO;14;1062;164;343;0,478134111;83;182;0,456043956;33;39;0,846153846;24;89;113;60;27;7;32;59;444;0;68
254;Luke Kornet;29;C;BOS;16;1361;187;280;0,667857143;0;3;0;67;97;0,690721649;190;198;388;117;36;71;31;119;441;0;73
255;Khris Middleton;33;SF;MIL;21;843;160;337;0,474777448;48;133;0,360902256;72;84;0,857142857;13;124;137;150;35;8;56;75;440;0;37
256;Jay Huff;26;C;MEM;2;748;157;305;0,514754098;81;200;0,405;44;56;0,785714286;30;99;129;38;16;56;34;78;439;0;64
257;Donovan Clingan;20;C;POR;37;1324;180;334;0,538922156;14;49;0,285714286;62;104;0,596153846;217;310;527;77;34;110;72;189;436;0;67
258;Kenrich Williams;30;PF;OKC;7;1132;171;354;0,483050847;66;171;0,385964912;28;39;0,717948718;65;176;241;97;43;10;39;110;436;0;69
259;Isaiah Stewart;23;C;DET;4;1434;176;315;0,558730159;17;53;0,320754717;66;87;0,75862069;130;269;399;123;28;101;68;183;435;0;72
260;Thomas Bryant;27;C;IND;8;963;163;321;0,507788162;48;148;0,324324324;55;64;0,859375;83;168;251;53;28;41;30;76;429;0;66
261;Noah Clowney;20;PF;BRK;20;1042;133;372;0,357526882;87;261;0,333333333;67;80;0,8375;43;138;181;40;24;21;46;105;420;0;46
262;Jamison Battle;23;SF;TOR;10;1042;149;347;0,429394813;105;259;0,405405405;16;18;0,888888889;37;121;158;53;17;10;27;92;419;0;59
263;Jeremiah Robinson-Earl;24;PF;NOP;9;1239;158;347;0,455331412;56;164;0,341463415;46;55;0,836363636;110;205;315;88;39;7;51;79;418;0;66
264;Vit Krejci;24;PG;ATL;16;1153;145;292;0,496575342;90;206;0,436893204;32;45;0,711111111;22;134;156;147;36;26;50;105;412;0;57
265;Trayce Jackson-Davis;24;C;GSW;37;967;174;302;0,57615894;0;3;0;59;102;0,578431373;122;189;311;104;23;38;45;73;407;0;62
266;Zach Collins;27;C;CHI;12;977;153;302;0,506622517;32;106;0,301886792;69;78;0,884615385;102;186;288;111;29;29;60;132;407;0;64
267;Moussa Diabaté;23;C;CHO;8;1241;167;280;0,596428571;0;6;0;69;116;0,594827586;187;251;438;56;46;40;61;109;403;0;71
268;Brandon Ingram;27;SF;NOP;18;595;155;333;0,465465465;43;115;0,373913043;47;55;0,854545455;17;83;100;93;16;11;69;45;400;0;18
269;Gary Payton II;32;SG;GSW;11;927;171;298;0,573825503;31;95;0,326315789;27;38;0,710526316;53;132;185;83;52;17;39;108;400;0;62
270;Day'Ron Sharpe;23;C;BRK;2;907;165;317;0,520504732;11;45;0,244444444;56;74;0,756756757;149;181;330;91;41;42;63;113;397;0;50
271;Jonathan Mogbo;23;PF;TOR;18;1286;156;356;0,438202247;17;70;0,242857143;60;82;0,731707317;109;202;311;146;55;34;70;136;389;1;63
272;Moritz Wagner;27;C;ORL;1;564;140;249;0,562248996;27;75;0,36;79;110;0,718181818;40;108;148;42;24;12;49;55;386;0;30
273;Sandro Mamukelashvili;25;PF;SAS;0;681;141;281;0,501779359;60;161;0,372670807;43;58;0,74137931;62;125;187;48;22;17;26;60;385;0;61
274;Kelly Olynyk;33;C;NOP;22;891;134;268;0,5;33;79;0,417721519;83;108;0,768518519;62;144;206;128;33;19;76;123;384;0;44
275;Jaxson Hayes;24;C;LAL;35;1093;161;223;0,721973094;0;3;0;61;98;0,62244898;78;191;269;58;31;51;43;136;383;0;56
276;Alex Caruso;30;SG;OKC;3;1041;140;314;0,445859873;60;170;0,352941176;42;51;0,823529412;38;121;159;137;87;30;37;102;382;0;54
277;Jonathan Isaac;27;PF;ORL;1;1090;134;324;0,413580247;39;151;0,258278146;73;107;0,682242991;120;194;314;40;61;80;33;90;380;0;71
278;Precious Achiuwa;25;C;NYK;10;1170;164;327;0,501529052;10;36;0,277777778;41;69;0,594202899;101;216;317;55;47;42;45;81;379;0;57
279;Talen Horton-Tucker;24;SG;CHI;0;724;133;291;0,457044674;41;122;0,336065574;72;98;0,734693878;19;81;100;83;21;11;40;59;379;0;58
280;Marcus Sasser;24;PG;DET;1;811;137;296;0,462837838;58;152;0,381578947;43;51;0,843137255;18;51;69;133;37;4;54;72;375;0;57
281;Julian Phillips;21;SF;CHI;5;1123;128;287;0,445993031;50;153;0,326797386;60;76;0,789473684;67;102;169;39;38;20;27;108;366;0;79
282;Cody Martin;29;SF;CHO;8;1173;136;325;0,418461538;43;151;0,284768212;43;61;0,704918033;53;171;224;105;56;32;51;95;358;0;53
283;Kyle Anderson;31;PF;GSW;4;1002;142;303;0,468646865;25;70;0,357142857;48;65;0,738461538;53;153;206;145;40;33;37;81;357;0;61
284;Alec Burks;33;SG;MIA;14;863;115;271;0,424354244;88;207;0,425120773;38;49;0,775510204;15;109;124;55;28;7;29;37;356;0;49
285;Caleb Martin;29;SF;DAL;24;1218;129;304;0,424342105;37;103;0,359223301;61;98;0,62244898;53;124;177;95;46;23;56;87;356;0;45
286;Garrison Mathews;28;SG;ATL;2;830;102;257;0,39688716;85;218;0,389908257;64;78;0,820512821;13;74;87;60;26;15;31;81;353;0;47
287;Tidjane Salaün;19;PF;CHO;10;1244;114;345;0,330434783;58;205;0,282926829;67;94;0,712765957;70;210;280;74;29;14;58;84;353;0;60
288;Jared McCain;20;SG;PHI;8;592;126;274;0,459854015;51;133;0,383458647;49;56;0,875;13;43;56;60;15;0;37;37;352;0;23
289;Ryan Rollins;22;PG;MIL;19;820;132;271;0,487084871;49;120;0,408333333;36;45;0,8;21;87;108;104;42;17;53;88;349;0;56
290;Javonte Green;31;SG;CLE;19;1258;123;287;0,428571429;46;141;0,326241135;55;76;0,723684211;59;159;218;56;65;31;32;98;347;0;68
291;Kevon Looney;28;C;GSW;6;1142;143;278;0,514388489;2;5;0,4;56;99;0,565656566;185;277;462;118;46;37;39;154;344;0;76
292;Aaron Holiday;28;PG;HOU;3;792;117;268;0,436567164;72;181;0,397790055;34;41;0,829268293;13;65;78;83;19;11;37;64;340;0;62
293;Quinten Post;24;PF;GSW;14;686;123;274;0,448905109;73;179;0,407821229;21;27;0,777777778;35;113;148;56;16;18;33;83;340;0;42
294;Bruce Brown;28;PG;NOP;12;922;130;309;0,420711974;27;81;0,333333333;53;65;0,815384615;40;124;164;84;34;10;39;71;340;0;41
295;Adem Bona;21;C;PHI;11;905;135;192;0,703125;0;1;0;67;100;0,67;92;153;245;27;26;69;61;125;337;0;58
296;Isaac Okoro;24;SG;CLE;22;1053;124;267;0,464419476;56;151;0,370860927;33;46;0,717391304;49;81;130;68;32;16;23;104;337;0;55
297;Svi Mykhailiuk;27;SF;UTA;13;760;118;302;0,390728477;70;203;0,344827586;28;35;0,8;22;68;90;76;19;7;52;43;334;0;38
298;Mason Plumlee;34;C;PHO;21;1300;125;202;0,618811881;0;4;0;83;128;0,6484375;116;339;455;134;33;47;59;154;333;0;74
299;Ben Sheppard;23;SG;IND;9;1228;120;287;0,418118467;68;199;0,341708543;24;27;0,888888889;44;133;177;85;38;14;22;125;332;0;63
300;Tristan Vukcevic;21;C;WAS;1;513;120;242;0,495867769;38;102;0,37254902;52;67;0,776119403;26;104;130;39;11;23;42;57;330;0;35
301;Tre Jones;25;PG;CHI;9;905;128;238;0,537815126;19;48;0,395833333;55;67;0,820895522;31;85;116;192;37;10;35;55;330;0;46
302;Dalen Terry;22;SG;CHI;5;987;120;268;0,447761194;37;104;0,355769231;49;69;0,710144928;38;86;124;97;44;15;53;114;326;0;73
303;Karlo Matkoviæ;23;PF;NOP;7;791;135;235;0,574468085;21;66;0,318181818;34;44;0,772727273;64;145;209;46;22;41;43;106;325;0;42
304;Dean Wade;28;PF;CLE;30;1252;112;271;0,413284133;80;222;0,36036036;16;30;0,533333333;51;198;249;76;42;20;22;101;320;0;59
305;DaQuan Jeffries;27;SG;CHO;20;1071;118;291;0,405498282;55;164;0,335365854;24;30;0,8;37;98;135;53;26;25;35;99;315;0;47
306;Shake Milton;28;SG;BRK;2;837;115;254;0,452755906;38;106;0,358490566;47;59;0,796610169;31;73;104;102;25;4;40;67;315;0;57
307;Dereck Lively II;20;C;DAL;29;833;134;191;0,701570681;0;0;;46;73;0,630136986;104;166;270;85;20;56;41;100;314;0;36
308;Nicolas Batum;36;PF;LAC;8;1367;104;238;0,43697479;88;203;0,433497537;17;21;0,80952381;47;171;218;84;52;36;34;111;313;0;78
309;Jabari Walker;22;SF;POR;1;749;118;229;0,515283843;28;72;0,388888889;49;71;0,690140845;59;152;211;37;33;6;34;87;313;0;60
310;Neemias Queta;25;C;BOS;6;863;132;203;0,650246305;0;3;0;46;61;0,754098361;89;147;236;45;18;42;40;106;310;0;62
311;Malcolm Brogdon;32;PG;WAS;13;564;104;240;0,433333333;16;56;0,285714286;81;92;0,880434783;21;70;91;98;13;5;38;30;305;0;24
312;Antonio Reeves;24;SG;NOP;6;660;113;248;0,455645161;51;129;0,395348837;28;35;0,8;18;45;63;39;21;4;30;40;305;0;44
313;Marcus Smart;30;PG;MEM;7;680;101;257;0,392996109;49;141;0,34751773;54;71;0,76056338;18;54;72;109;39;9;54;53;305;0;34
314;Orlando Robinson;24;C;SAC;8;770;116;261;0,444444444;17;52;0,326923077;54;70;0,771428571;89;131;220;77;17;16;49;100;303;0;44
315;Andre Drummond;31;C;PHI;23;751;117;234;0,5;3;20;0,15;56;90;0,622222222;109;201;310;34;39;18;55;94;293;0;40
316;Kris Murray;24;SF;POR;6;1040;117;279;0,419354839;27;120;0,225;26;57;0,456140351;76;106;182;68;35;17;43;66;287;0;69
317;Landry Shamet;27;SG;NYK;0;762;106;230;0,460869565;62;156;0,397435897;12;18;0,666666667;11;50;61;27;23;2;22;52;286;0;50
318;Jeff Dowtin Jr.;27;PG;PHI;3;621;112;230;0,486956522;28;70;0,4;33;45;0,733333333;12;48;60;78;24;12;15;29;285;0;41
319;Josh Okogie;26;SG;CHO;7;625;94;212;0,443396226;32;92;0,347826087;63;85;0,741176471;45;68;113;33;48;18;31;47;283;0;40
320;KJ Simpson;22;PG;CHO;15;842;104;301;0,34551495;33;130;0,253846154;41;50;0,82;39;70;109;112;34;6;56;56;282;0;36
321;Drew Eubanks;27;C;LAC;4;746;115;194;0,592783505;3;6;0,5;47;71;0,661971831;60;166;226;54;12;39;41;63;280;0;61
322;Jaylin Williams;22;PF;OKC;9;784;97;221;0,438914027;61;153;0,39869281;23;30;0,766666667;48;214;262;120;22;29;35;79;278;3;47
323;Brandon Williams;25;PG;DAL;3;487;98;188;0,521276596;24;60;0,4;55;66;0,833333333;12;46;58;76;24;5;39;33;275;0;33
324;KJ Martin;24;PF;PHI;16;912;111;201;0,552238806;15;58;0,25862069;37;47;0,787234043;30;95;125;48;17;22;24;101;274;0;43
325;Vasilije Miciæ;31;PG;CHO;16;785;95;273;0,347985348;45;125;0,36;34;41;0,829268293;20;69;89;128;15;0;77;45;269;0;41
326;Lonzo Ball;27;PG;CHI;14;777;89;243;0,366255144;67;195;0,343589744;22;27;0,814814815;25;93;118;115;47;17;41;55;267;0;35
327;Tosan Evbuomwan;23;SF;BRK;0;665;94;220;0,427272727;24;77;0,311688312;55;73;0,753424658;32;88;120;55;24;10;39;55;267;0;28
328;Jett Howard;21;SF;ORL;0;701;98;262;0,374045802;55;186;0,295698925;16;23;0,695652174;20;50;70;44;13;11;36;68;267;0;60
329;Eric Gordon;36;SG;PHI;13;768;87;204;0,426470588;56;137;0,408759124;36;48;0,75;8;38;46;65;26;12;28;32;266;0;39
330;Lindy Waters III;27;SG;DET;9;778;92;249;0,369477912;64;186;0,344086022;8;11;0,727272727;20;90;110;52;27;11;20;62;256;0;52
331;Ben Simmons;28;PG;BRK;24;1120;116;223;0,520179372;0;0;;24;33;0,727272727;47;194;241;285;38;23;102;107;256;0;51
332;Oso Ighodaro;22;PF;PHO;6;1045;113;187;0,604278075;0;2;0;29;50;0,58;66;156;222;71;28;29;39;102;255;0;61
333;Pelle Larsson;23;SG;MIA;8;782;89;203;0,438423645;32;95;0,336842105;41;61;0,672131148;28;64;92;65;32;7;24;91;251;0;55
334;Lonnie Walker IV;26;SG;PHI;7;477;89;212;0,419811321;45;127;0,354330709;24;30;0,8;6;57;63;50;10;5;25;27;247;0;20
335;Bol Bol;25;PF;PHO;10;448;96;183;0,524590164;32;93;0,344086022;20;26;0,769230769;20;84;104;22;9;25;20;20;244;0;36
336;Caleb Houstan;22;SF;ORL;6;788;80;190;0,421052632;64;160;0,4;15;17;0,882352941;19;56;75;35;22;6;13;62;239;0;58
337;A.J. Lawson;24;SG;TOR;2;486;80;190;0,421052632;33;101;0,326732673;43;63;0,682539683;20;66;86;31;13;6;15;44;236;0;26
338;Malaki Branham;21;SG;SAS;0;427;87;190;0,457894737;34;84;0,404761905;27;33;0,818181818;7;44;51;38;11;2;34;29;235;0;47
339;Ajay Mitchell;22;SG;OKC;1;597;91;184;0,494565217;23;60;0,383333333;29;35;0,828571429;18;50;68;64;25;4;29;68;234;0;36
340;Monte Morris;29;PG;PHO;0;571;83;195;0,425641026;31;86;0,360465116;36;42;0,857142857;12;55;67;73;20;3;21;23;233;0;45
341;Richaun Holmes;31;PF;WAS;7;534;90;139;0,647482014;0;3;0;50;60;0,833333333;62;115;177;42;9;23;21;49;230;0;31
342;Andre Jackson Jr.;23;SG;MIL;43;980;94;197;0,47715736;30;76;0,394736842;12;24;0,5;65;117;182;83;34;14;58;114;230;0;67
343;Cody Williams;20;SG;UTA;21;1060;83;257;0,322957198;35;135;0,259259259;29;40;0,725;27;86;113;59;23;16;44;95;230;0;50
344;Reed Sheppard;20;PG;HOU;3;654;84;239;0,351464435;48;142;0,338028169;13;16;0,8125;16;62;78;75;35;17;37;53;229;0;52
345;Gui Santos;22;PF;GSW;2;762;82;179;0,458100559;34;103;0,330097087;29;42;0,69047619;72;100;172;80;25;10;42;91;227;0;56
346;Steven Adams;31;C;HOU;3;794;91;167;0,54491018;0;2;0;43;93;0,462365591;166;161;327;66;22;28;54;60;225;0;58
347;AJ Johnson;20;SG;MIL;11;639;82;213;0,384976526;24;90;0,266666667;32;37;0,864864865;8;51;59;76;12;3;35;50;220;0;29
348;Rob Dillingham;20;PG;MIN;1;516;93;211;0,440758294;25;74;0,337837838;8;15;0,533333333;12;38;50;98;20;1;53;37;219;0;49
349;Blake Wesley;21;SG;SAS;0;683;81;186;0,435483871;17;58;0,293103448;38;61;0,62295082;17;44;61;114;37;6;54;46;217;0;58
350;Pat Connaughton;32;SG;MIL;1;603;83;177;0,468926554;26;81;0,320987654;24;31;0,774193548;19;90;109;70;9;11;24;45;216;0;41
351;GG Jackson II;20;PF;MEM;3;459;74;199;0,371859296;32;95;0,336842105;29;40;0,725;27;65;92;29;12;5;31;30;209;0;29
352;DeAndre Jordan;36;C;DEN;5;691;91;140;0,65;0;0;;27;64;0,421875;84;200;284;53;16;27;40;74;209;0;56
353;Herbert Jones;26;SF;NOP;20;648;75;172;0,436046512;22;72;0,305555556;33;40;0,825;22;56;78;65;37;9;35;66;205;0;20
354;Larry Nance Jr.;32;PF;ATL;3;463;80;155;0,516129032;34;76;0,447368421;9;13;0,692307692;23;80;103;38;20;13;16;37;203;0;24
355;Olivier-Maxence Prosper;22;PF;DAL;4;584;70;174;0,402298851;12;51;0,235294118;49;76;0,644736842;44;82;126;40;26;6;14;28;201;0;52
356;Jock Landale;29;C;HOU;3;500;81;152;0,532894737;11;26;0,423076923;27;40;0,675;56;81;137;37;13;10;21;49;200;0;42
357;Jalen Pickett;25;SG;DEN;4;666;77;180;0,427777778;40;101;0,396039604;6;8;0,75;15;56;71;107;19;5;24;38;200;1;49
358;Kai Jones;24;C;DAL;6;468;87;109;0,798165138;1;5;0,2;23;32;0,71875;40;85;125;25;15;23;18;50;198;0;40
359;Mouhamed Gueye;22;PF;ATL;28;533;72;171;0,421052632;21;81;0,259259259;32;42;0,761904762;44;95;139;27;28;33;15;55;197;0;33
360;Jamal Cain;25;SF;NOP;0;502;68;158;0,430379747;26;80;0,325;34;50;0,68;27;58;85;22;23;9;22;46;196;0;37
361;Collin Gillespie;25;PG;PHO;9;461;68;158;0,430379747;39;90;0,433333333;19;22;0,863636364;22;56;78;78;21;5;17;30;194;0;33
362;Duop Reath;28;C;POR;0;469;70;166;0,421686747;34;106;0,320754717;20;22;0,909090909;44;48;92;26;12;14;16;41;194;0;46
363;Craig Porter Jr.;24;PG;CLE;1;513;72;140;0,514285714;21;48;0,4375;23;32;0,71875;19;48;67;71;17;15;38;25;188;0;51
364;Jae'Sean Tate;29;SF;HOU;2;588;70;148;0,472972973;16;46;0,347826087;32;47;0,680851064;50;67;117;47;26;7;22;82;188;0;52
365;Zeke Nnaji;24;PF;DEN;4;608;70;141;0,496453901;17;52;0,326923077;27;44;0,613636364;33;57;90;23;25;38;14;62;184;0;57
366;Paul Reed;25;C;DET;0;438;72;142;0,507042254;8;28;0,285714286;32;42;0,761904762;40;83;123;44;39;25;26;75;184;0;45
367;Tre Mann;23;PG;CHO;0;319;70;161;0,434782609;24;60;0,4;19;21;0,904761905;12;26;38;39;7;4;25;24;183;0;13
368;Vince Williams Jr.;24;SG;MEM;5;499;67;167;0,401197605;26;95;0,273684211;19;24;0,791666667;22;76;98;55;12;7;33;45;179;0;27
369;Cory Joseph;33;PG;ORL;16;612;62;154;0,402597403;39;107;0,364485981;14;18;0,777777778;17;57;74;72;26;4;18;50;177;0;50
370;Dante Exum;29;PG;DAL;13;372;64;134;0,47761194;23;53;0,433962264;23;31;0,741935484;4;29;33;56;12;3;22;34;174;0;20
371;Jeff Green;38;PF;HOU;3;396;61;121;0,504132231;29;79;0,367088608;21;26;0,807692308;11;47;58;20;6;4;9;32;172;0;32
372;Kessler Edwards;24;SF;DAL;18;608;67;135;0,496296296;22;54;0,407407407;12;13;0,923076923;22;93;115;42;19;20;16;62;168;0;40
373;Keaton Wallace;25;PG;ATL;5;501;65;162;0,401234568;27;82;0,329268293;11;11;1;7;43;50;81;28;9;33;39;168;1;31
374;Jaylon Tyson;22;SG;CLE;3;453;64;149;0,429530201;20;58;0,344827586;19;24;0,791666667;37;59;96;44;13;3;26;50;167;0;47
375;Grant Williams;26;PF;CHO;7;479;54;123;0,43902439;27;74;0,364864865;31;37;0,837837838;18;64;82;37;18;13;28;46;166;0;16
376;Jaylen Clark;23;SG;MIN;4;522;56;120;0,466666667;22;51;0,431372549;29;37;0,783783784;26;27;53;26;36;2;8;61;163;0;40
377;Quenton Jackson;26;PG;IND;7;381;58;122;0,475409836;15;40;0,375;31;40;0,775;14;30;44;53;21;5;16;43;162;0;28
378;Micah Potter;26;C;UTA;10;705;57;135;0,422222222;31;98;0,316326531;17;20;0,85;43;121;164;31;14;14;31;50;162;0;38
379;Daniel Theis;32;C;NOP;9;621;61;129;0,472868217;9;37;0,243243243;31;37;0,837837838;44;120;164;60;18;20;25;70;162;0;38
380;Jordan Goodwin;26;PG;LAL;5;543;63;144;0,4375;26;68;0,382352941;9;11;0,818181818;38;74;112;42;30;11;26;43;161;0;29
381;Charles Bassey;24;C;SAS;1;376;68;117;0,581196581;0;0;;21;33;0,636363636;56;96;152;17;14;30;23;50;157;0;36
382;Colby Jones;22;SG;SAC;0;515;59;129;0,457364341;16;49;0,326530612;23;35;0,657142857;21;66;87;44;26;13;23;37;157;0;39
383;Rayan Rupert;20;SG;POR;0;460;58;142;0,408450704;16;59;0,271186441;23;30;0,766666667;26;44;70;25;16;4;30;37;155;0;52
384;Jevon Carter;29;PG;CHI;1;321;55;146;0,376712329;35;105;0,333333333;8;10;0,8;4;35;39;40;13;3;11;15;153;0;36
385;David Roddy;23;PF;ATL;3;410;57;125;0,456;19;61;0,31147541;20;26;0,769230769;13;71;84;35;14;9;22;20;153;0;33
386;Jordan Miller;25;SF;LAC;0;420;58;134;0,432835821;8;38;0,210526316;28;35;0,8;23;35;58;34;17;5;26;26;152;0;37
387;Trevelin Queen;27;SG;ORL;2;430;56;147;0,380952381;22;77;0,285714286;18;21;0,857142857;26;28;54;38;31;10;22;38;152;0;31
388;Wendell Moore Jr.;23;SG;CHO;1;499;59;126;0,468253968;14;41;0,341463415;18;22;0,818181818;30;65;95;42;20;5;27;31;150;0;36
389;Bones Hyland;24;PG;LAC;0;239;47;118;0,398305085;32;82;0,390243902;23;26;0,884615385;5;20;25;32;18;4;25;29;149;0;24
390;Dominick Barlow;21;SF;ATL;4;375;60;113;0,530973451;7;27;0,259259259;21;33;0,636363636;35;50;85;19;9;16;5;47;148;0;35
391;Doug McDermott;33;SF;SAC;3;342;50;117;0,427350427;44;101;0,435643564;3;5;0,6;3;19;22;7;4;2;6;30;147;0;42
392;Jarred Vanderbilt;25;PF;LAL;2;581;59;121;0,487603306;9;32;0,28125;20;36;0,555555556;68;114;182;41;35;10;29;67;147;0;36
393;Gary Harris;30;SG;ORL;3;711;51;133;0,383458647;36;101;0,356435644;7;12;0,583333333;20;44;64;30;26;12;17;45;145;0;48
394;Bismack Biyombo;32;C;SAS;26;528;67;114;0,587719298;0;0;;10;25;0,4;43;115;158;31;16;23;27;52;144;0;28
395;Keion Brooks Jr.;24;SF;NOP;6;332;53;109;0,486238532;14;43;0,325581395;22;30;0,733333333;12;46;58;13;10;10;12;30;142;0;14
396;Ousmane Dieng;21;C;OKC;1;405;54;125;0,432;23;71;0,323943662;11;16;0,6875;18;63;81;31;17;7;18;33;142;0;37
397;Devin Carter;22;PG;SAC;0;396;47;127;0,37007874;18;61;0,295081967;26;44;0,590909091;19;57;76;41;21;4;18;39;138;0;36
398;Luka Garza;26;C;MIN;0;219;52;105;0,495238095;10;36;0,277777778;24;35;0,685714286;31;23;54;11;6;3;12;29;138;0;39
399;Kyle Lowry;38;PG;PHI;12;659;41;117;0,35042735;29;88;0,329545455;27;33;0,818181818;11;56;67;96;33;11;21;62;138;0;35
400;Terrence Shannon Jr.;24;SG;MIN;1;339;55;114;0,48245614;11;31;0,35483871;17;21;0,80952381;10;37;47;32;7;5;15;27;138;0;32
401;Mo Bamba;26;C;LAC;2;413;52;112;0,464285714;15;54;0,277777778;19;27;0,703703704;32;113;145;18;9;31;20;56;138;0;32
402;Reggie Jackson;34;PG;PHI;1;384;52;133;0,390977444;25;74;0,337837838;7;9;0,777777778;8;34;42;45;16;3;17;34;136;0;31
403;Marvin Bagley III;25;C;MEM;2;265;55;106;0,518867925;3;19;0,157894737;23;35;0,657142857;38;46;84;11;9;8;12;18;136;0;31
404;Dillon Jones;23;SF;OKC;3;551;51;133;0,383458647;16;63;0,253968254;17;28;0,607142857;30;91;121;58;16;4;28;54;135;0;54
405;Isaac Jones;24;PF;SAC;0;304;54;83;0,65060241;3;8;0,375;23;36;0,638888889;22;35;57;12;5;10;16;30;134;0;40
406;Hunter Tyson;24;PF;DEN;2;400;45;120;0,375;23;74;0,310810811;21;28;0,75;25;53;78;20;10;6;14;44;134;0;51
407;Anthony Gill;32;PF;WAS;0;397;43;88;0,488636364;10;31;0,322580645;33;50;0,66;18;48;66;16;9;2;10;30;129;0;51
408;Delon Wright;32;PG;MIL;7;635;45;131;0,34351145;20;73;0,273972603;15;25;0,6;27;39;66;77;35;12;22;25;125;0;40
409;Colin Castleton;24;C;MEM;4;432;46;98;0,469387755;2;16;0,125;29;38;0,763157895;53;69;122;28;8;10;23;51;123;0;26
410;Branden Carlson;25;C;OKC;0;246;43;97;0,443298969;22;66;0,333333333;14;18;0,777777778;17;37;54;14;5;21;7;22;122;0;32
411;Kevin Love;36;PF;MIA;9;251;41;115;0,356521739;24;67;0,358208955;16;23;0,695652174;22;72;94;22;15;4;14;21;122;0;23
412;Isaiah Wong;24;SG;CHO;0;265;41;105;0,39047619;13;33;0,393939394;25;34;0,735294118;14;18;32;28;11;0;18;21;120;0;20
413;Josh Minott;22;SF;MIN;0;276;44;90;0,488888889;14;43;0,325581395;17;19;0,894736842;12;35;47;18;15;12;11;34;119;0;46
414;Jared Rhoden;25;SG;CHO;2;227;42;87;0,482758621;12;39;0,307692308;22;25;0,88;14;28;42;16;10;2;9;20;118;0;14
415;Robert Williams;27;C;POR;3;351;50;78;0,641025641;1;3;0,333333333;15;17;0,882352941;35;83;118;21;13;33;17;31;116;0;20
416;Maxwell Lewis;22;SF;BRK;1;327;45;108;0,416666667;19;50;0,38;7;10;0,7;18;37;55;19;9;7;14;29;116;0;28
417;Dariq Whitehead;20;SF;BRK;0;246;39;96;0,40625;33;74;0,445945946;3;5;0,6;4;25;29;12;6;1;15;22;114;0;20
418;Dwight Powell;33;C;DAL;3;551;42;61;0,68852459;2;5;0,4;28;43;0,651162791;47;71;118;55;18;21;18;75;114;0;55
419;Baylor Scheierman;24;SG;BOS;2;384;39;110;0,354545455;26;82;0,317073171;9;12;0,75;19;46;65;33;17;2;12;22;113;0;31
420;John Konchar;28;SG;MEM;4;558;41;91;0,450549451;23;62;0,370967742;7;8;0,875;37;114;151;42;30;14;16;32;112;0;46
421;Matisse Thybulle;27;SG;POR;5;312;42;88;0,477272727;21;48;0,4375;7;15;0,466666667;14;38;52;28;33;9;13;14;112;0;15
422;Patty Mills;36;PG;LAC;0;321;36;96;0,375;26;75;0,346666667;13;14;0,928571429;4;18;22;26;13;3;17;24;111;0;29
423;Damion Baugh;24;SG;CHO;2;370;42;130;0,323076923;12;56;0,214285714;13;15;0,866666667;14;36;50;56;15;2;31;22;109;0;15
424;Drew Timme;24;PF;BRK;2;254;45;102;0,441176471;9;35;0,257142857;10;16;0,625;17;48;65;20;4;1;15;21;109;0;9
425;Jaden Springer;22;PG;BOS;2;365;35;90;0,388888889;12;48;0,25;27;38;0,710526316;17;41;58;33;24;4;16;42;109;0;43
426;Torrey Craig;34;SF;BOS;4;314;38;90;0,422222222;24;66;0,363636364;8;12;0,666666667;27;46;73;17;8;12;8;34;108;0;26
427;Taj Gibson;39;C;CHO;11;409;47;95;0,494736842;1;2;0,5;12;20;0,6;51;69;120;21;9;18;25;54;107;0;37
428;Oscar Tshiebwe;25;C;UTA;1;255;42;70;0,6;0;0;;23;31;0,741935484;46;76;122;9;13;1;10;24;107;0;14
429;Cam Spencer;24;SG;MEM;1;252;34;82;0,414634146;19;52;0,365384615;19;19;1;12;18;30;34;9;1;6;23;106;0;25
430;Jalen Hood-Schifino;21;SG;LAL;0;315;37;98;0,37755102;14;46;0,304347826;18;21;0,857142857;3;24;27;37;5;7;18;25;106;0;15
431;Cam Reddish;25;SF;LAL;8;589;38;94;0,404255319;13;47;0,276595745;16;26;0,615384615;17;49;66;22;33;10;12;43;105;0;33
432;Johnny Furphy;20;SG;IND;0;379;35;92;0,380434783;15;50;0,3;18;22;0,818181818;23;48;71;19;18;11;12;41;103;0;50
433;Maxi Kleber;33;PF;DAL;4;637;37;96;0,385416667;13;49;0,265306122;16;21;0,761904762;25;70;95;43;9;17;23;66;103;0;34
434;Pat Spencer;28;PG;GSW;0;250;41;101;0,405940594;5;22;0,227272727;11;15;0,733333333;15;31;46;48;14;3;18;20;98;0;39
435;Jericho Sims;26;C;MIL;5;632;45;71;0,633802817;0;0;;8;13;0,615384615;71;126;197;33;10;19;33;65;98;0;53
436;Jordan McLaughlin;28;PG;SAC;0;314;31;72;0,430555556;19;46;0,413043478;17;22;0,772727273;6;24;30;51;16;1;16;18;98;0;46
437;Trey Jemison;25;C;LAL;0;392;41;74;0,554054054;0;0;;13;33;0,393939394;44;61;105;16;9;15;24;69;95;0;38
438;Reece Beekman;23;PG;BRK;4;469;35;107;0,327102804;7;40;0,175;16;21;0,761904762;13;26;39;63;33;2;21;36;93;0;36
439;Christian Koloko;24;C;LAL;0;342;40;66;0,606060606;0;4;0;10;14;0,714285714;35;57;92;16;8;16;12;44;90;0;37
440;Mitchell Robinson;26;C;NYK;3;290;37;56;0,660714286;0;0;;13;19;0,684210526;52;49;101;13;16;18;10;26;87;0;17
441;Dru Smith;27;SG;MIA;1;268;31;61;0,508196721;16;30;0,533333333;9;12;0,75;12;24;36;23;21;6;17;30;87;0;14
442;Lester Qui?ones;24;SG;NOP;0;183;31;78;0,397435897;13;44;0,295454545;11;13;0,846153846;4;15;19;24;3;2;14;18;86;0;13
443;Elfrid Payton;30;PG;CHO;9;511;40;122;0,327868852;1;6;0,166666667;4;7;0,571428571;15;64;79;166;24;11;59;36;85;0;24
444;Damion Lee;32;SG;PHO;0;144;27;74;0,364864865;9;37;0,243243243;20;21;0,952380952;3;17;20;11;6;0;10;6;83;0;25
445;Jordan Walsh;20;PF;BOS;1;403;30;83;0,361445783;15;55;0,272727273;7;12;0,583333333;23;46;69;19;12;11;17;30;82;0;52
446;Tyler Kolek;23;PG;NYK;0;296;27;82;0,329268293;14;47;0,29787234;13;17;0,764705882;8;19;27;70;12;4;18;26;81;0;41
447;Johnny Davis;22;SG;WAS;0;242;32;78;0,41025641;7;29;0,24137931;9;15;0,6;10;28;38;11;15;6;7;18;80;0;34
448;MarJon Beauchamp;24;SF;LAC;0;156;27;65;0,415384615;10;29;0,344827586;15;20;0,75;11;33;44;11;4;1;15;14;79;0;35
449;Jaylen Martin;21;SF;BRK;0;239;31;74;0,418918919;7;23;0,304347826;9;10;0,9;11;33;44;17;9;0;12;14;78;0;16
450;Kobe Brown;25;PF;LAC;0;272;33;72;0,458333333;6;26;0,230769231;5;7;0,714285714;19;46;65;24;7;4;12;23;77;0;40
451;Alex Reese;25;PF;OKC;0;216;26;54;0,481481481;15;41;0,365853659;9;12;0,75;9;38;47;4;10;10;6;21;76;0;15
452;Moses Brown;25;C;DAL;2;119;34;49;0,693877551;0;0;;8;11;0,727272727;12;32;44;2;6;4;11;17;76;0;13
453;Lamar Stevens;27;PF;MEM;1;155;29;63;0,46031746;8;27;0,296296296;8;11;0,727272727;4;34;38;8;5;3;10;15;74;0;17
454;Alex Len;31;C;LAL;7;380;32;63;0,507936508;2;9;0,222222222;8;17;0,470588235;38;57;95;38;9;21;20;56;74;0;46
455;JT Thor;22;PF;CLE;0;249;25;59;0,423728814;6;21;0,285714286;15;22;0,681818182;20;28;48;6;8;9;9;17;71;0;20
456;Tristan Thompson;33;C;CLE;0;328;31;71;0,436619718;0;3;0;7;30;0,233333333;32;102;134;24;2;11;14;36;69;0;40
457;Marcus Bagley;23;SF;PHI;4;253;27;69;0,391304348;5;32;0,15625;8;10;0,8;23;47;70;10;9;12;7;16;67;0;10
458;Jaylen Nowell;25;SG;NOP;0;168;26;73;0,356164384;8;27;0,296296296;7;11;0,636363636;6;14;20;18;1;4;8;9;67;0;8
459;Tyler Smith;20;PF;MIL;0;122;24;50;0,48;13;30;0,433333333;6;8;0,75;6;19;25;4;3;4;8;11;67;0;23
460;Adam Flagler;25;SG;OKC;0;203;25;96;0,260416667;14;72;0,194444444;1;2;0,5;7;20;27;12;8;3;4;15;65;0;37
461;Jeenathan Williams;25;SG;HOU;0;147;27;62;0,435483871;6;26;0,230769231;5;8;0,625;5;8;13;9;8;4;14;16;65;0;20
462;Bronny James;20;SG;LAL;1;181;21;67;0,313432836;9;32;0,28125;11;14;0,785714286;4;14;18;22;9;3;13;13;62;0;27
463;De'Anthony Melton;26;SG;GSW;2;121;22;54;0,407407407;13;35;0,371428571;5;8;0,625;6;14;20;17;7;2;10;18;62;0;6
464;Tony Bradley;27;C;IND;0;113;29;45;0,644444444;1;3;0,333333333;2;6;0,333333333;18;24;42;6;2;9;5;11;61;0;14
465;Markelle Fultz;26;PG;SAC;0;184;28;67;0,417910448;4;8;0,5;1;1;1;6;14;20;27;10;2;15;12;61;0;21
466;Cole Swider;25;SF;DET;0;169;22;63;0,349206349;15;47;0,319148936;0;1;0;5;22;27;3;4;2;4;12;59;0;10
467;Bruno Fernando;26;C;TOR;2;147;26;49;0,530612245;0;0;;6;8;0,75;21;30;51;18;4;9;14;27;58;0;17
468;Dario Šariæ;30;C;DEN;4;210;21;58;0,362068966;7;26;0,269230769;7;10;0,7;14;36;50;23;7;1;15;19;56;0;16
469;Markieff Morris;35;PF;DAL;2;165;21;70;0,3;9;36;0,25;5;6;0,833333333;3;20;23;21;2;3;5;16;56;0;15
470;Tyson Etienne;25;PG;BRK;0;151;17;52;0,326923077;13;44;0,295454545;8;10;0,8;3;6;9;12;3;1;8;17;55;0;7
471;Killian Hayes;23;PG;BRK;5;162;18;43;0,418604651;8;21;0,380952381;10;12;0,833333333;5;13;18;31;4;4;9;13;54;0;6
472;Drew Peterson;25;PF;BOS;1;186;17;41;0,414634146;13;33;0,393939394;7;9;0,777777778;9;31;40;13;5;2;8;18;54;0;25
473;Kobe Bufkin;21;SG;ATL;0;124;18;47;0,382978723;4;19;0,210526316;13;18;0,722222222;5;16;21;17;3;2;8;9;53;0;10
474;Garrett Temple;38;SG;TOR;0;227;18;60;0,3;6;28;0,214285714;11;12;0,916666667;9;20;29;31;17;2;10;23;53;0;28
475;Chuma Okeke;26;PF;CLE;3;196;20;40;0,5;11;28;0,392857143;2;3;0,666666667;21;26;47;15;5;4;3;5;53;0;9
476;Patrick Baldwin Jr.;22;SF;LAC;0;107;19;35;0,542857143;13;23;0,565217391;2;4;0,5;5;20;25;3;3;2;5;7;53;0;24
477;Oshae Brissett;26;SF;PHI;2;142;19;39;0,487179487;6;18;0,333333333;8;14;0,571428571;7;15;22;4;4;3;8;14;52;0;6
478;Ariel Hukporti;22;C;NYK;1;217;21;31;0,677419355;0;0;;6;13;0,461538462;14;37;51;11;1;15;21;32;48;0;25
479;Enrique Freeman;24;PF;IND;1;181;16;37;0,432432432;1;10;0,1;13;19;0,684210526;11;19;30;9;3;3;6;21;46;0;22
480;Kevin Knox;25;SF;GSW;0;84;18;36;0,5;4;15;0,266666667;6;8;0,75;7;10;17;5;2;4;4;6;46;0;14
481;Keshad Johnson;23;SF;MIA;0;98;18;26;0,692307692;3;7;0,428571429;4;9;0,444444444;6;22;28;4;5;4;4;11;43;0;16
482;Daeqwon Plowden;26;SG;ATL;0;72;16;25;0,64;9;17;0,529411765;2;2;1;4;7;11;2;0;0;4;10;43;0;6
483;Jaylen Sims;26;SG;CHO;0;112;12;28;0,428571429;6;15;0,4;12;15;0,8;3;3;6;12;3;1;8;10;42;0;6
484;Pete Nance;24;C;MIL;1;138;14;32;0,4375;9;24;0,375;1;2;0,5;5;16;21;10;2;2;4;17;38;0;13
485;Emoni Bates;21;SF;CLE;0;75;13;38;0,342105263;11;30;0,366666667;0;0;;0;7;7;8;1;1;2;4;37;0;10
486;Chris Duarte;27;SG;CHI;0;74;12;26;0,461538462;6;15;0,4;6;8;0,75;5;15;20;9;0;0;1;7;36;0;17
487;Alex Ducas;24;SG;OKC;0;125;12;30;0,4;10;21;0,476190476;2;2;1;9;17;26;5;5;0;4;12;36;0;21
488;Yuki Kawamura;23;PG;MEM;0;93;11;30;0,366666667;7;23;0,304347826;7;9;0,777777778;0;12;12;19;2;0;5;8;36;0;22
489;Nae'Qwan Tomlin;24;PF;CLE;1;63;13;32;0,40625;2;10;0,2;8;11;0,727272727;9;12;21;2;0;1;2;9;36;0;5
490;Isaiah Jackson;23;C;IND;1;84;14;23;0,608695652;0;0;;7;14;0,5;11;17;28;5;3;8;5;14;35;0;5
491;TyTy Washington Jr.;23;PG;PHO;0;118;14;45;0,311111111;4;21;0,19047619;3;6;0,5;4;9;13;16;3;0;3;4;35;0;16
492;Xavier Tillman Sr.;26;C;BOS;2;231;13;53;0,245283019;5;32;0,15625;3;4;0,75;10;33;43;7;11;5;14;18;34;0;33
493;Kylor Kelley;27;C;DAL;2;126;14;22;0,636363636;0;0;;6;10;0,6;12;27;39;5;1;3;4;15;34;0;11
494;JD Davison;22;PG;BOS;0;93;12;34;0,352941176;4;18;0,222222222;5;7;0,714285714;2;11;13;13;5;1;13;2;33;0;16
495;PJ Hall;22;C;DEN;0;66;14;24;0,583333333;2;8;0,25;3;4;0,75;6;16;22;4;0;4;2;11;33;0;19
496;Trey Alexander;21;SG;DEN;0;117;13;41;0,317073171;3;17;0,176470588;3;4;0,75;1;11;12;11;2;1;5;10;32;0;24
497;Elijah Harkless;24;SG;UTA;0;138;11;35;0,314285714;7;25;0,28;3;6;0,5;9;12;21;8;10;1;3;18;32;0;10
498;Josh Richardson;31;SG;MIA;0;150;11;38;0,289473684;6;22;0,272727273;4;4;1;6;6;12;12;8;1;8;17;32;0;8
499;Sidy Cissoko;20;SF;POR;0;114;13;30;0,433333333;3;13;0,230769231;3;9;0,333333333;8;13;21;15;2;1;11;10;32;0;22
500;Pacome Dadiet;19;SG;NYK;0;111;10;31;0,322580645;6;19;0,315789474;4;6;0,666666667;3;15;18;5;3;2;4;7;30;0;18
501;RayJ Dennis;23;PG;IND;0;70;11;33;0,333333333;6;21;0,285714286;2;2;1;2;10;12;14;7;2;5;7;30;0;11
502;Chris Livingston;21;SF;MIL;1;106;9;27;0,333333333;0;8;0;12;16;0,75;10;25;35;5;5;0;6;8;30;0;21
503;Josh Christopher;23;SG;MIA;0;69;11;31;0,35483871;2;11;0,181818182;4;6;0,666666667;0;9;9;8;5;3;6;2;28;0;14
504;Marcus Garrett;26;SG;CHO;0;79;11;27;0,407407407;3;8;0,375;3;4;0,75;1;5;6;13;3;2;6;10;28;0;4
505;Matt Ryan;27;SF;NYK;0;68;10;31;0,322580645;6;19;0,315789474;2;2;1;0;8;8;3;2;0;3;1;28;0;19
506;Spencer Jones;23;SF;DEN;0;125;11;34;0,323529412;1;17;0,058823529;3;3;1;8;9;17;5;5;5;5;17;26;0;20
507;Vlatko Èanèar;27;PF;DEN;0;136;10;26;0,384615385;4;15;0,266666667;0;0;;6;26;32;9;3;2;11;10;24;0;13
508;N'Faly Dante;23;C;HOU;0;51;10;13;0,769230769;0;0;;4;5;0,8;6;15;21;2;1;5;2;9;24;0;4
509;Jazian Gortman;21;PG;DAL;0;57;9;23;0,391304348;4;11;0,363636364;2;4;0,5;1;4;5;6;2;1;5;9;24;0;16
510;Jae Crowder;34;PF;SAC;2;103;7;22;0,318181818;4;15;0,266666667;5;6;0,833333333;6;14;20;6;3;0;4;10;23;0;9
511;Mason Jones;26;SG;SAC;0;45;9;18;0,5;1;8;0,125;4;5;0,8;2;7;9;11;0;1;1;3;23;0;10
512;Jacob Toppin;24;SF;ATL;0;76;9;22;0,409090909;5;10;0,5;0;0;;3;12;15;6;2;0;3;3;23;0;17
513;Jackson Rowe;28;PF;GSW;0;52;8;17;0,470588235;3;10;0,3;3;6;0,5;3;8;11;4;4;0;1;4;22;0;6
514;E.J. Liddell;24;PF;CHI;0;53;8;15;0,533333333;3;10;0,3;2;2;1;3;6;9;3;1;1;2;11;21;0;12
515;Leonard Miller;21;SF;MIN;0;32;6;15;0,4;0;5;0;8;8;1;3;8;11;0;2;1;2;2;20;0;13
516;Cam Christie;19;SG;LAC;0;59;7;24;0,291666667;2;13;0,153846154;2;4;0,5;3;9;12;6;5;1;2;4;18;0;13
517;Justin Minaya;25;SF;POR;0;101;8;21;0,380952381;2;10;0,2;0;2;0;5;5;10;7;6;1;5;12;18;0;19
518;Jamaree Bouyea;25;PG;MIL;1;62;6;12;0,5;1;5;0,2;4;6;0,666666667;1;4;5;10;4;2;8;2;17;0;5
519;David Duke Jr.;25;SG;SAS;0;34;6;14;0,428571429;3;6;0,5;1;2;0,5;1;4;5;4;1;0;2;1;16;0;6
520;Malachi Flynn;26;PG;CHO;0;44;5;13;0,384615385;1;4;0,25;5;6;0,833333333;3;4;7;7;3;0;4;4;16;0;4
521;Joe Ingles;37;SF;MIN;1;114;6;23;0,260869565;3;15;0,2;0;0;;2;9;11;23;2;0;9;12;15;0;19
522;Bobi Klintman;21;SF;DET;0;42;6;10;0,6;2;5;0,4;1;2;0,5;1;6;7;7;2;1;1;8;15;0;8
523;Stanley Umude;25;SG;MIL;0;86;5;26;0,192307692;3;15;0,2;2;4;0,5;4;13;17;4;3;6;3;8;15;0;22
524;Taylor Hendricks;21;PF;UTA;3;75;4;18;0,222222222;3;12;0,25;3;4;0,75;5;10;15;2;5;4;2;8;14;0;3
525;Jack McVeigh;28;PF;HOU;0;43;5;17;0,294117647;4;13;0,307692308;0;0;;2;3;5;1;0;2;2;3;14;0;9
526;Tolu Smith;24;PF;DET;0;22;6;9;0,666666667;0;0;;2;3;0,666666667;4;4;8;0;0;0;2;3;14;0;1
527;Armel Traoré;22;SF;LAL;0;67;6;19;0,315789474;0;7;0;2;7;0,285714286;2;13;15;1;4;2;3;6;14;0;9
528;Isaiah Crawford;23;SF;SAC;0;46;5;11;0,454545455;1;5;0,2;2;4;0,5;1;7;8;1;1;2;1;2;13;0;15
529;Bryce McGowens;22;SG;POR;0;32;4;14;0,285714286;0;4;0;5;6;0,833333333;2;1;3;2;1;0;4;3;13;0;13
530;Luke Travers;23;SG;CLE;0;88;5;20;0,25;0;9;0;2;2;1;8;12;20;8;1;1;8;6;12;0;12
531;Trentyn Flowers;19;SF;LAC;0;27;4;11;0,363636364;0;2;0;3;3;1;1;3;4;0;0;0;1;4;11;0;6
532;Jahmir Young;24;PG;CHI;0;30;4;5;0,8;1;2;0,5;2;2;1;1;2;3;6;0;0;1;2;11;0;6
533;Emanuel Miller;24;PF;CHI;0;25;4;8;0,5;0;1;0;2;2;1;4;4;8;2;1;0;0;3;10;0;6
534;Jalen Bridges;23;SF;PHO;0;30;2;7;0,285714286;2;7;0,285714286;3;4;0,75;0;4;4;0;0;0;4;0;9;0;8
535;Liam Robbins;25;C;MIL;0;57;2;8;0,25;0;2;0;5;10;0,5;7;5;12;2;2;2;6;9;9;0;13
536;P.J. Tucker;39;SF;NYK;1;58;3;7;0,428571429;3;6;0,5;0;0;;4;4;8;0;1;1;1;8;9;0;3
537;James Johnson;37;PF;IND;0;37;4;11;0,363636364;0;3;0;0;1;0;0;6;6;4;0;2;4;5;8;0;12
538;Adama Sanogo;22;C;CHI;0;21;4;7;0,571428571;0;0;;0;0;;5;1;6;1;0;0;1;1;8;0;4
539;Anton Watson;24;SF;NYK;0;22;4;9;0,444444444;0;1;0;0;0;;1;2;3;2;1;0;2;3;8;0;9
540;Phillip Wheeler;22;PF;PHI;0;44;3;21;0,142857143;0;10;0;2;2;1;2;6;8;2;1;2;1;1;8;0;5
541;PJ Dozier;28;SG;MIN;0;35;2;3;0,666666667;2;3;0,666666667;1;6;0,166666667;1;4;5;5;1;0;1;3;7;0;9
542;Daniss Jenkins;23;PG;DET;0;23;3;10;0,3;1;7;0,142857143;0;2;0;0;2;2;3;0;0;1;2;7;0;7
543;Miles Norris;24;PF;BOS;0;35;2;9;0,222222222;2;7;0,285714286;1;2;0,5;2;7;9;0;2;1;0;0;7;0;3
544;Kevin McCullar Jr.;23;SF;NYK;0;29;2;7;0,285714286;0;1;0;2;2;1;0;8;8;2;1;1;0;6;6;0;4
545;Isaiah Mobley;25;PF;PHI;0;17;2;7;0,285714286;1;3;0,333333333;1;2;0,5;1;3;4;5;1;1;0;3;6;0;1
546;Taze Moore;26;SG;POR;0;20;2;10;0,2;1;4;0,25;1;2;0,5;4;4;8;1;2;0;2;0;6;0;2
547;James Wiseman;23;C;IND;0;5;2;4;0,5;0;1;0;2;2;1;0;1;1;0;0;0;0;0;6;0;1
548;Ulrich Chomche;19;PF;TOR;0;32;2;5;0,4;0;0;;1;2;0,5;4;4;8;2;0;1;2;5;5;0;7
549;Skal Labissi?re;28;PF;SAC;0;12;2;4;0,5;1;1;1;0;0;;1;2;3;1;0;0;0;1;5;0;4
550;Alondes Williams;25;SG;DET;0;4;2;2;1;1;1;1;0;0;;0;0;0;1;0;0;0;0;5;0;1
551;Ron Harper Jr.;24;SF;DET;0;17;1;8;0,125;0;6;0;2;2;1;4;3;7;2;0;0;0;0;4;0;1
552;Harrison Ingram;22;SF;SAS;0;35;2;4;0,5;0;1;0;0;0;;2;7;9;3;3;0;1;2;4;0;5
553;D.J. Carton;24;SG;TOR;0;33;1;7;0,142857143;0;3;0;1;1;1;0;4;4;3;2;0;4;1;3;0;4
554;Cui Yongxi;21;SG;BRK;0;10;1;7;0,142857143;0;3;0;1;2;0,5;0;2;2;0;0;0;0;0;3;0;5
555;Braxton Key;27;SF;GSW;0;11;0;4;0;0;1;0;3;6;0,5;1;1;2;0;2;0;1;0;3;0;3
556;Tristen Newton;23;SG;IND;0;16;1;8;0,125;0;3;0;1;1;1;2;2;4;2;1;0;2;4;3;0;8
557;Quincy Olivari;23;PG;LAL;0;10;1;5;0,2;1;5;0,2;0;0;;0;0;0;1;0;0;1;0;3;0;2
558;Yuri Collins;23;PG;GSW;0;16;1;3;0,333333333;0;0;;0;0;;2;1;3;4;2;0;0;5;2;0;2
559;Malevy Leons;25;SF;OKC;0;21;0;2;0;0;1;0;2;4;0,5;1;2;3;1;0;0;1;4;2;0;6
560;Daishen Nix;22;PG;MIN;0;13;0;1;0;0;1;0;1;2;0,5;0;4;4;3;0;0;4;1;1;0;3
561;Terence Davis;27;SG;SAC;0;8;0;2;0;0;1;0;0;0;;0;1;1;1;0;0;0;0;0;0;1
562;Jesse Edwards;24;C;MIN;0;5;0;0;;0;0;;0;0;;0;0;0;1;0;0;0;2;0;0;2
563;Mac McClung;26;SG;ORL;0;10;0;2;0;0;1;0;0;0;;0;1;1;3;0;0;0;2;0;0;2
564;Jalen McDaniels;27;SF;WAS;0;7;0;0;;0;0;;0;0;;0;0;0;1;1;0;0;0;0;0;4
565;Riley Minix;24;SF;SAS;0;7;0;1;0;0;1;0;0;0;;0;2;2;0;0;0;0;0;0;0;1
566;Jahlil Okafor;29;C;IND;0;3;0;0;;0;0;;0;0;;0;1;1;1;0;0;0;0;0;0;1
567;Zyon Pullin;23;SG;MEM;0;3;0;1;0;0;0;;0;0;;0;0;0;0;0;0;0;0;0;0;3
568;Isaiah Stevens;24;PG;MIA;0;6;0;2;0;0;1;0;0;0;;0;2;2;0;1;0;0;0;0;0;3
569;Terry Taylor;25;PF;SAC;0;6;0;1;0;0;0;;0;0;;1;0;1;2;0;0;0;0;0;0;3
